Name,Code,1975,1976,1977,1978,1979,1980,1981,1982,1983,1984,1985,1986,1987,1988,1989,1990,1991,1992,1993,1994,1995,1996,1997,1998,1999,2000,2001,2002,2003,2004,2005,2006,2007,2008,2009,2010,2011,2012,2013,2014,2015,2016
阿鲁巴,ABW,31150,31111,30989,30834,30753,30805,31047,31457,31912,32227,32303,32055,31571,31104,30993,31491,32693,34482,36633,38785,40708,42294,43615,44757,45856,47012,48252,49506,50707,51712,52456,52896,53083,53104,53112,53202,53404,53701,54060,54417,54743,55023
阿富汗,AFG,6191328,6315722,6427910,6510970,6543069,6511413,6411284,6255675,6072080,5898422,5764972,5674753,5627943,5647569,5760223,5981147,6327356,6785762,7304033,7809329,8250185,8603315,8885666,9134961,9408613,9746770,10162500,10637846,11144964,11642547,12101551,12511524,12884170,13239157,13606016,14005473,14444001,14912657,15398276,15881092,16346869,16791609
安哥拉,AGO,3934592,4045039,4161240,4285197,4419637,4566089,4726261,4898495,5076921,5253511,5422852,5581981,5733487,5884261,6044247,6220388,6416266,6629273,6852909,7077584,7296962,7508648,7716678,7928906,8156453,8407379,8684468,8985544,9307609,9645607,9995796,10357453,10731777,11119158,11520427,11936016,12366067,12809782,13265577,13731363,14205741,14688058
阿尔巴尼亚,ALB,1167738,1193877,1220603,1246195,1271298,1297791,1324521,1353597,1383430,1413336,1442682,1469816,1497724,1525329,1568794,1603298,1604803,1610619,1617772,1621629,1618647,1607089,1588481,1566199,1544994,1528046,1511707,1509000,1507666,1505935,1501423,1493529,1482744,1470945,1460006,1451422,1445814,1441287,1436444,1431651,1426369,1423809
安道尔共和国,AND,,,,,,,,,,,,,,,,,,,,,,,,,,,,,,,,,,,,,,,,,,
阿拉伯联盟国家,ARB,69698805,71842855,74123776,76521599,79005258,81550074,84149697,86805054,89506982,92246331,95015336,97806638,100615528,103440246,106280987,110113892,113029317,115137501,118134381,121111744,124723010,127619185,130509484,133371678,136236749,139113662,141998877,144904104,147871961,150957572,154198970,157610509,161177796,164879183,168667331,172508052,176400834,180343747,184306583,188253495,192160815,196007048
阿拉伯联合酋长国,ARE,169511,194658,222529,252605,284247,316877,350416,384741,419221,453100,485900,517265,547415,577136,607593,639611,673767,709910,747318,784908,822065,859345,897751,937784,980067,1025573,1072376,1121532,1180382,1258639,1362160,1495108,1652493,1819780,1976795,2109194,2211378,2287859,2346768,2400876,2459582,2524948
阿根廷,ARG,13063209,13296654,13531869,13768476,14006283,14245108,14484323,14723643,14963677,15205407,15449378,15695670,15943539,16191720,16438494,16682535,16923558,17161591,17396009,17626209,17851861,18072582,18288725,18501768,18713730,18926129,19139683,19354161,19569048,19783381,19996580,20208300,20419085,20630231,20843519,21060096,21280453,21503827,21728482,21951996,22172551,22389522
亚美尼亚,ARM,1451736,1481470,1510252,1538031,1564792,1590545,1614580,1636817,1658628,1681883,1707571,1737049,1768934,1798145,1817820,1823350,1812578,1787881,1754804,1721339,1693329,1672642,1657794,1647237,1638215,1628670,1618678,1609088,1599553,1589708,1579388,1568169,1556308,1545072,1536225,1530960,1529747,1532013,1536577,1541734,1546192,1549566
美属萨摩亚,ASM,,,,,,,,,,,,,,,,,,,,,,,,,,,,,,,,,,,,,,,,,,
安提瓜和巴布达,ATG,37290,37532,37690,37763,37734,37606,37384,37088,36727,36323,35893,35442,34997,34628,34424,34446,34707,35194,35890,36786,37838,39069,40449,41859,43145,44195,44954,45454,45789,46097,46471,46958,47505,48100,48708,49291,49845,50387,50913,51450,51984,52509
澳大利亚,AUS,6928135,7004321,7090948,7181166,7265278,7358464,7477913,7603438,7697746,7784053,7890761,8021680,8145868,8282278,8426470,8555626,8669846,8780951,8872259,8969971,9079687,9197338,9295737,9386681,9488521,9597994,9726262,9845536,9968388,10084382,10216231,10363514,10422277,10627076,10844514,11014499,11173044,11377863,11585313,11768704,11946177,12138140
奥地利,AUT,4004755,3995265,3994504,3988996,3979807,3977201,3984469,3984156,3974323,3970488,3968621,3967331,3965915,3967288,3980371,4005232,4039020,4076674,4103160,4112000,4111974,4111896,4111546,4111725,4116125,4123171,4136937,4156033,4175478,4200660,4228324,4247907,4260003,4271284,4280016,4287444,4298591,4314492,4336042,4366148,4411653,4456171
阿塞拜疆,AZE,2901653,2947598,2993374,3039454,3086338,3134440,3183853,3234623,3287050,3341477,3398050,3456742,3517180,3578684,3640336,3658511,3717185,3775018,3833601,3886367,3931828,3972111,4010796,4048629,4082756,4113396,4140707,4165639,4190433,4220361,4257347,4298747,4342781,4430364,4518847,4568408,4623725,4681041,4737682,4793328,4847488,4899330
布隆迪,BDI,1891010,1926514,1968646,2016308,2067591,2121047,2176241,2233573,2293322,2355986,2421741,2490522,2561527,2633296,2703911,2771894,2837684,2901445,2961303,3014894,3061169,3098845,3130153,3161807,3202902,3260004,3335467,3427608,3533912,3650063,3772658,3901624,4037430,4177791,4319930,4461964,4602491,4742063,4883199,5029633,5183997,5347055
比利时,BEL,5006958,5017268,5024527,5029994,5035067,5040981,5041036,5039669,5039089,5038622,5039540,5040539,5043872,5058896,5076328,5090672,5108986,5129278,5149004,5164627,5175217,5185158,5197588,5208451,5219839,5231510,5248012,5269639,5289562,5310399,5337874,5371630,5409812,5451562,5494806,5544815,5617629,5653220,5680037,5703575,5732314,5753877
贝宁,BEN,1691501,1733376,1777412,1823575,1871771,1921979,1974304,2028876,2085679,2144677,2205924,2269185,2334650,2403313,2476472,2554953,2639318,2728984,2822261,2916763,3010797,3103694,3196072,3289032,3384290,3483091,3585781,3691950,3801241,3913011,4026822,4142662,4260766,4381295,4504444,4630423,4759210,4890851,5025628,5163869,5305825,5451617
布基纳法索,BFA,3115698,3180996,3249131,3320782,3396788,3477735,3563969,3655300,3751071,3850303,3952259,4056835,4164253,4274657,4388277,4505344,4625885,4750009,4878022,5010314,5147238,5289059,5435864,5587702,5744499,5906284,6073089,6245194,6423208,6607935,6799929,6999447,7206339,7420315,7640864,7867595,8100460,8339503,8584545,8835378,9091848,9353871
孟加拉国,BGD,34892255,35742302,36704185,37749692,38833385,39922137,41007178,42099730,43209733,44353698,45542070,46777600,48050860,49345664,50639909,51917681,53171064,54403885,55626342,56854444,58099021,59360649,60632303,61907874,63178563,64436550,65682263,66913544,68117056,69276082,70379646,71421204,72406278,73351150,74279294,75208034,76143513,77081980,78018941,78946134,79857914,80752655
保加利亚,BGR,4366777,4387279,4411824,4418709,4426986,4447595,4465637,4482474,4497675,4512565,4517172,4520949,4532866,4543468,4496247,4421546,4383735,4342735,4313997,4304922,4290953,4273554,4251780,4227125,4206603,4188492,4108035,4021416,3990804,3961458,3931994,3902061,3872927,3845167,3819980,3794830,3770998,3750088,3730296,3710287,3687600,3662467
巴林,BHR,117538,123233,129531,136218,142963,149533,155841,161921,167852,173753,179716,185777,191914,198032,204000,209761,215312,220764,226331,232273,238802,246055,254072,262924,272674,283388,294859,307146,320830,336655,355021,376373,400183,424676,447439,466811,481963,493539,503131,513091,525098,539717
巴哈马,BHS,96241,98173,100059,101968,103952,106079,108375,110825,113353,115851,118238,120494,122640,124737,126894,129174,131613,134184,136800,139340,141744,143961,146035,148098,150311,152793,155593,158644,161894,165215,168536,171826,175097,178302,181428,184443,187323,190065,192673,195145,197489,199696
波斯尼亚和黑塞哥维那,BIH,2023933,2042651,2059797,2076353,2093723,2112781,2133181,2154148,2175433,2196685,2217184,2238426,2259344,2273721,2273299,2252932,2209416,2146508,2074591,2008179,1957760,1926961,1912781,1910894,1914133,1917111,1918932,1920951,1922605,1923624,1923738,1922688,1919969,1914801,1906311,1894075,1877446,1857062,1835367,1815708,1800461,1790588
白俄罗斯,BLR,5034965,5053431,5076217,5104507,5131463,5158781,5190869,5222861,5255522,5287895,5318644,5350246,5381279,5391599,5403330,5410634,5412234,5424337,5437767,5432387,5414946,5395716,5370807,5343153,5319622,5295397,5271220,5242444,5211727,5182423,5152853,5126551,5107758,5094092,5085742,5078980,5070291,5065091,5064597,5067708,5074666,5080386
伯利兹,BLZ,66797,67589,68326,69112,70119,71425,73080,75046,77243,79544,81845,84151,86488,88791,90964,92981,94766,96368,98038,100077,102721,106063,110007,114316,118663,122796,126635,130260,133752,137278,140948,144785,148735,152747,156766,160739,164662,168537,172392,176265,180182,184139
百慕大,BMU,,,,,,,,,,,,,,,,,,,,,,,,,,,,,,,,,,,,,,,,,,
玻利维亚,BOL,2509419,2563766,2619750,2677123,2735560,2794808,2854825,2915618,2977012,3038799,3100875,3163123,3225655,3288848,3353236,3419203,3486830,3556022,3626765,3699011,3772687,3847811,3924295,4001786,4079824,4158052,4236323,4314657,4393082,4471670,4550478,4629472,4708621,4787987,4867677,4947771,5028274,5109148,5190399,5272022,5353994,5436298
巴西,BRA,54054520,55372154,56716704,58088920,59489157,60916199,62370943,63849124,65337852,66820238,68283676,69723413,71140976,72537984,73918592,75286361,76638684,77974827,79302499,80632077,81970131,83319325,84674889,86026598,87360092,88664346,89936916,91178885,92387090,93558761,94692609,95785485,96838834,97861857,98867347,99864354,100856156,101839635,102809591,103757887,104678401,105569752
巴巴多斯,BRB,128412,129188,130090,131027,131878,132545,133005,133270,133411,133517,133663,133864,134103,134384,134701,135055,135460,135921,136412,136934,137467,138021,138583,139142,139689,140210,140669,141108,141535,141989,142477,143023,143606,144221,144830,145422,145985,146537,147054,147559,148040,148498
文莱达鲁萨兰国,BRN,78328,81000,83468,85832,88245,90827,93604,96562,99647,102781,105930,109081,112255,115494,118834,122318,125910,129618,133470,137531,141824,146380,151130,155882,160398,164490,168102,171279,174060,176532,178759,180716,182435,184081,185887,187997,190489,193321,196369,199453,202444,205299
不丹,BTN,170419,175581,180943,186444,192013,197586,203023,208322,213774,219760,226490,234294,242894,251168,257604,261196,261404,258831,254999,252091,251655,254245,259353,266215,273640,280702,287239,293500,299564,305603,311752,317962,324132,330225,336200,342029,347687,353194,358543,363791,368944,374015
博茨瓦纳,BWA,427170,442899,459673,477258,495308,513569,531965,550498,569122,587803,606521,625176,643748,662344,681103,700141,719482,738990,758411,777421,795761,813411,830417,846649,861965,876336,889692,902190,914320,926701,939822,953831,968699,984471,1001136,1018676,1037138,1056500,1076545,1096973,1117556,1138206
中非共和国,CAF,1026370,1049272,1073684,1099980,1128579,1159688,1193720,1230336,1268121,1305105,1339988,1372019,1401808,1430963,1461818,1496005,1534043,1575230,1618487,1662205,1705173,1747038,1788057,1828296,1867965,1907223,1945759,1983309,2020142,2056668,2093009,2129935,2167033,2201977,2231568,2253893,2267889,2275215,2280048,2288171,2303826,2328438
加拿大,CAN,11594419,11758334,11908985,12041878,12175105,12344789,12508542,12668611,12803432,12933351,13059560,13195995,13373841,13550793,13798061,14009770,14206688,14387814,14551739,14696788,14821658,14982770,15140827,15270066,15394068,15527833,15682901,15821913,15978061,16136529,16293676,16420913,16577614,16754869,16945444,17134047,17304245,17510939,17715017,17908981,18058362,18274152
中歐和波羅的海,CEB,52768137,53230163,53656099,54018325,54333941,54654473,54969230,55267294,55555362,55829668,56094650,56349386,56586629,56795531,56867050,56854928,56739448,56584820,56579808,56600753,56549985,56455483,56376548,56306817,56240558,55950647,55571846,55238990,55091321,54961756,54828024,54698987,54501317,54308586,54204201,54007422,53879363,53756862,53643709,53532065,53408379,53270314
瑞士,CHE,3247584,3230948,3221943,3223998,3231825,3245381,3263136,3281514,3294368,3304770,3317955,3333885,3353539,3377016,3403328,3437551,3480117,3518262,3550189,3578447,3602314,3618122,3626679,3637236,3654298,3674423,3697164,3724484,3751081,3775177,3796839,3817289,3847366,3891863,3935920,3972360,4012164,4050550,4093239,4139717,4183804,4226961
海峡群岛,CHI,64968,65269,65477,65638,65835,66122,66496,66971,67515,68126,68776,69483,70234,70987,71681,72274,72746,73119,73416,73712,74038,74405,74816,75242,75689,76135,76599,77070,77547,78016,78478,78917,79345,79756,80165,80573,80980,81383,81788,82179,82567,82949
智利,CHL,5301768,5385639,5468546,5551274,5634812,5719983,5806918,5895737,5987015,6081434,6179373,6281065,6386147,6493542,6601778,6709675,6816846,6923241,7028516,7132353,7234524,7334772,7433005,7529289,7623804,7716709,7807911,7897433,7985622,8072976,8159811,8246307,8332331,8417474,8501178,8583041,8662885,8740856,8817171,8892196,8966170,9039141
中国,CHN,446155261,453096645,459292978,465461266,471701275,477657569,483834454,491045273,498231789,504848398,511795485,519478796,527880168,536439413,544703450,552714879,560248258,567078771,573550685,579992796,586268968,592409568,598484511,604237309,609453358,614199718,618560573,622567040,626282598,629835033,633381243,636773435,639964959,643116500,646186349,649172215,652141182,655175831,658274452,661488955,664756807,668291578
科特迪瓦,CIV,3174717,3322660,3476597,3636343,3801741,3972583,4148805,4330063,4515615,4704498,4896072,5089513,5284914,5483656,5687717,5898269,6115370,6337683,6563262,6789483,7014081,7237352,7458964,7675364,7882134,8076629,8257519,8427205,8591582,8758797,8935192,9122590,9320689,9531016,9754691,9992365,10245339,10513553,10794417,11084143,11379956,11680932
喀麦隆,CMR,3771775,3877825,3988530,4104194,4225186,4351762,4483882,4621403,4764345,4912696,5066308,5225185,5388910,5556370,5726125,5897101,6069155,6242401,6416343,6590466,6764621,6938582,7113031,7289898,7471769,7660625,7857184,8061389,8273579,8493856,8722280,8959109,9204382,9457610,9718030,9985019,10258448,10538239,10823872,11114754,11410451,11710689
刚果（金）,COD,11738657,12063425,12404217,12754328,13104271,13448004,13784525,14118632,14457406,14810801,15187162,15584025,16001970,16455396,16962644,17534177,18181670,18895059,19636608,20354243,21012375,21596283,22122050,22622847,23147413,23731839,24386505,25102934,25875701,26693156,27546761,28437110,29368620,30340498,31351867,32401848,33489678,34614552,35775405,36971104,38200543,39463262
刚果（布）,COG,798807,822698,846926,871648,897098,923432,950726,978909,1007817,1037247,1067022,1097125,1127660,1158762,1190606,1223359,1257065,1291761,1327553,1364558,1402898,1442773,1484228,1527004,1570705,1615149,1659944,1705380,1752789,1803968,1860062,1921793,1988386,2057633,2126464,2192706,2255539,2315738,2374673,2434474,2496701,2561745
哥伦比亚,COL,12434700,12718055,13008652,13306962,13613113,13926924,14248934,14578709,14913773,15250810,15587271,15921923,16254908,16586724,16918486,17250802,17583781,17916469,18247171,18573687,18894485,19208632,19516621,19820150,20121713,20423033,20724523,21025290,21324176,21619418,21909656,22194536,22474113,22747981,23015775,23277201,23531915,23779764,24020999,24256048,24485165,24708400
科摩罗,COM,128928,133246,138194,143535,148907,154060,158905,163517,168031,172644,177507,182649,188008,193577,199321,205210,211251,217443,223751,230146,236593,243097,249647,256244,262865,269505,276166,282854,289618,296523,303614,310901,318384,326071,333967,342067,350386,358917,367609,376435,385341,394325
佛得角,CPV,144203,145370,147054,149152,151496,153937,156520,159282,162107,164851,167420,169736,171859,174019,176542,179637,183380,187661,192347,197210,202084,206911,211704,216392,220915,225201,229250,233035,236526,239666,242428,244798,246814,248665,250602,252788,255305,258117,261157,264330,267548,270802
哥斯达黎加,CRI,1034803,1061852,1089978,1119217,1149543,1180926,1213457,1247129,1281678,1316756,1352109,1387575,1423256,1459500,1496813,1535525,1575632,1616874,1659059,1701861,1744983,1788435,1832023,1874944,1916187,1955051,1991165,2024734,2056440,2087276,2117986,2148776,2179428,2209783,2239527,2268446,2296505,2323842,2350526,2376650,2402304,2427501
加勒比小国,CSS,2579000,2605991,2631884,2657591,2684336,2712909,2743836,2776587,2809805,2841535,2870426,2895884,2918513,2939577,2960982,2984100,3009414,3036399,3064195,3091525,3117492,3141820,3164836,3187057,3209281,3232047,3255490,3279422,3303535,3327281,3350373,3372687,3394343,3415573,3436713,3458026,3479511,3501056,3522489,3543658,3564328,3584415
古巴,CUB,4653440,4707461,4753436,4792591,4826904,4858110,4885986,4910903,4935933,4965003,5000726,5044685,5095723,5150269,5203116,5250511,5291124,5326072,5356946,5386363,5416150,5446749,5477263,5506659,5533402,5556419,5575590,5591429,5604310,5614816,5623520,5630265,5635277,5639981,5646174,5655068,5667422,5682663,5699090,5714209,5726254,5734606
库拉索,CUW,76118,76320,76405,75881,75682,75836,76204,77035,77654,78153,78659,78761,78279,77289,76257,75631,75296,75231,75623,75972,76404,77173,77661,76472,73898,71010,68474,68539,69944,71203,73163,75301,77110,78421,79226,80458,81755,82508,83474,84603,85702,86571
开曼群岛,CYM,,,,,,,,,,,,,,,,,,,,,,,,,,,,,,,,,,,,,,,,,,
塞浦路斯,CYP,325454,328684,332016,335235,338046,340278,341815,342860,343882,345511,348236,352201,357281,363394,370347,377988,386293,395246,404637,414164,423597,432883,442020,450929,459552,467862,475707,483117,490493,498404,507185,517088,527833,538700,548667,557031,563480,568316,572078,575633,579589,584133
捷克共和国,CZE,5189216,5222349,5252079,5279015,5303396,5308089,5304980,5311243,5315013,5317581,5320585,5322849,5325260,5329198,5331916,5317186,5303711,5308186,5312596,5313355,5308952,5301586,5294588,5288317,5281861,5266297,5246281,5236261,5234437,5234233,5237556,5245325,5267565,5302159,5324099,5333373,5340649,5346447,5347953,5353716,5364012,5373556
德国,DEU,41307002,41105793,40985858,40922458,40914740,40977371,41022563,40969694,40846456,40679941,40549100,40510784,40502323,40583236,40823461,41111976,41360338,41634321,41874749,41988564,42079186,42166071,42191832,42162063,42154337,42178635,42219057,42261204,42257125,42221344,42171170,42097724,42015818,41910331,41778326,41688042,40896135,40946459,41031907,41177351,41510094,41821989
吉布提,DJI,112484,124363,138385,153162,166755,177872,185683,190800,195100,201273,211109,225492,243480,262793,280195,293436,301620,305678,307346,309239,313217,319854,328489,338326,348078,356821,364384,371136,377317,383384,389625,396098,402695,409465,416421,423587,430997,438642,446422,454190,461853,469352
多米尼克,DMA,,,,,,,,,,,,,,,,,,,,,,,,,,,,,,,,,,,,,,,,,,
丹麦,DNK,2553213,2561213,2570770,2580308,2588161,2592761,2593418,2592801,2592130,2591623,2593189,2596811,2599910,2600721,2601671,2605214,2611254,2619128,2627058,2635094,2647983,2662105,2672273,2681113,2689192,2697501,2706617,2714812,2721780,2728329,2735229,2743469,2754774,2770007,2783761,2794956,2805171,2814357,2824765,2837979,2857267,2879175
多米尼加共和国,DOM,2551956,2617294,2682771,2748490,2814567,2881098,2948121,3015599,3083505,3151794,3220431,3289339,3358525,3428121,3498327,3569238,3640960,3713340,3785857,3857825,3928778,3998465,4067072,4135026,4202967,4271358,4340307,4409640,4479173,4548611,4617728,4686450,4754806,4822746,4890245,4957260,5023735,5089611,5154751,5219011,5282294,5344515
阿尔及利亚,DZA,8297705,8534649,8780905,9038133,9308315,9592486,9891012,10202396,10523393,10849601,11177396,11504929,11831509,12155986,12477542,12795123,13108598,13416455,13714761,13998605,14264840,14512653,14744096,14962632,15173284,15380507,15585633,15790197,15999201,16218559,16452871,16703283,16970004,17255141,17560693,17887239,18235997,18604407,18984388,19365041,19738058,20100149
东亚与太平洋地区（不包括高收入）,EAP,616109904,627043214,637194763,647333829,657634170,667790996,678325785,690027631,701796511,713025302,724567593,736814353,749753900,762825383,775581054,788066143,800049412,811296870,822148362,832928485,843497113,853881760,864149168,874038479,883330361,892088472,900403464,908308096,915853183,923149527,930347324,937285335,943935472,950522649,957091295,963698382,970437052,977365311,984427111,991593585,998742198,1006068216
早人口紅利,EAR,691028935,708069556,725458571,743312245,761801332,781015361,800981981,821630778,842818064,864331068,886027775,907846376,929787252,951780891,973759774,996707533,1018624026,1040377634,1062048786,1083737955,1105537305,1127505213,1149577875,1171595631,1193424406,1215065241,1236415633,1257526940,1278491214,1299452575,1320511886,1341695732,1362997238,1384412865,1405926959,1427625620,1449357717,1470948971,1492542722,1514087421,1535526720,1556818081
东亚与太平洋地区,EAS,710324586,722231945,733482025,744679982,756101507,767334044,779010393,791833769,804656056,816845049,829280749,842425472,856213733,870118882,883721805,897002687,909815563,921777787,933344946,944951452,956380988,967648351,978654266,989277252,999174543,1008577121,1017601714,1026108238,1034155444,1041878945,1049466672,1056958041,1064131566,1071431992,1078553973,1085667367,1092816036,1100194808,1107656751,1115252833,1122841496,1130587076
欧洲与中亚地区（不包括高收入）,ECA,174403870,176184288,177924461,179639092,181343808,183104277,184908128,186626265,188333470,190159352,191972394,193745863,195494871,197181039,198804530,199993858,200917910,201694410,202311018,202618683,202828379,203011779,203203152,203421407,203555559,203689322,203628841,203534942,203699336,203968673,204262122,204620334,205051156,205659025,206590120,207629949,208727469,209809247,210998415,212180755,213412089,214606437
欧洲与中亚地区,ECS,398201558,400872814,403426448,405946101,408485816,411127037,413714880,416045177,418267482,420579546,422914815,425283614,427647864,430025244,432454698,434531606,436218045,437895018,439373182,440356265,441110059,441771790,442403645,443023045,443627563,444124850,444656725,445429055,446567821,447873053,449211959,450579143,452180745,453976239,455813887,457523726,458580140,460323926,462378979,464464234,466545759,468565885
厄瓜多尔,ECU,3475926,3570908,3667376,3765363,3864926,3966122,4068908,4173292,4279522,4387929,4498715,4611887,4727241,4844571,4963563,5083923,5205477,5328031,5451151,5574333,5697147,5819592,5941562,6062350,6181124,6297391,6410713,6521538,6631444,6742605,6856562,6973888,7094093,7216381,7339466,7462398,7584942,7707304,7829452,7951447,8073303,8194893
阿拉伯埃及共和国,EGY,19374157,19824565,20292132,20781061,21296014,21840225,22413336,23014023,23642670,24299365,24982413,25693806,26428637,27169976,27895590,28589773,29245777,29868288,30467509,31059320,31655878,32259731,32868696,33484617,34108643,34741729,35388109,36049457,36721185,37396372,38071513,38741584,39412176,40102879,40840217,41641634,42514861,43449814,44423985,45405158,46369232,47308816
欧洲货币联盟,EMU,152547313,153183025,153743985,154314556,154900876,155528643,156093664,156495499,156786992,157022811,157287272,157638982,158027711,158508865,159148160,159851418,160418131,161140264,161781499,162230742,162619349,163002836,163346563,163637860,164000268,164471776,165029211,165754086,166572492,167416699,168222629,168963007,169807957,170616722,171155967,171547697,171168162,171544449,172126345,172706218,173215581,173711127
厄立特里亚,ERI,1040664,1069471,1099042,1129608,1161492,1194887,1229377,1264637,1300952,1338711,1377904,1419553,1462790,1503412,1535826,1556459,1563498,1559345,1549843,1543297,1545797,1558919,1581309,1612576,1651409,1696516,1748560,1807213,1868923,1928976,1983984,2032569,2075632,2114964,2153457,2193336,2234867,,,,,
西班牙,ESP,18252595,18436233,18617556,18789423,18948915,19096341,19228774,19342301,19436196,19518371,19592429,19656156,19713873,19763241,19801634,19828264,19884013,19985499,20091531,20187473,20274489,20354500,20433012,20508102,20578772,20655427,20781269,21057122,21420496,21772138,22122529,22478916,22878702,23231169,23432569,23548789,23656308,23708701,23674454,23643347,23653475,23687701
爱沙尼亚,EST,771025,775847,780882,785561,789265,793395,798412,803630,808601,813213,817822,822856,828036,832070,834744,835376,832152,818820,800024,784768,771730,760221,750517,741824,742625,745418,740578,736353,732515,728901,725196,721050,717619,715336,713510,711411,708776,705732,702676,700288,700182,699828
埃塞俄比亚,ETH,16352350,16643404,16882521,17107240,17370396,17710325,18141274,18653300,19231113,19849170,20489032,21145276,21825106,22537164,23294620,24105411,24973215,25890019,26837960,27792688,28736822,29663071,30576480,31487250,32411412,33360672,34338067,35339729,36362427,37400676,38450796,39511656,40585784,41677385,42792316,43934516,45105286,46302533,47522714,48760607,50012148,51275722
欧洲联盟,EUU,233691776,234735406,235672073,236569128,237464333,238419553,239281272,239935060,240482190,240998587,241557291,242186372,242828444,243549198,244326334,245121290,245698979,246409066,247189092,247806801,248287768,248698486,249073886,249412835,249821752,250126356,250453200,250995638,251826996,252740995,253659910,254542932,255479191,256398175,257130058,257657526,257478685,258010770,258752771,259529593,260247383,260930757
脆弱和受衝突影響的情況下,FCS,87785160,90311607,92960415,95681177,98404172,101080323,103699881,106282198,108844515,111415356,114022106,116655138,119324189,122098747,125068804,129270744,132833664,136662852,140665456,144708530,148697987,152600860,156452092,160281803,164201585,168275113,172515467,176902693,181428126,186073394,190823806,195684236,200658143,205732985,210879255,216081462,221335898,226650886,232045473,237547481,243179191,248940455
芬兰,FIN,2433726,2440965,2447847,2454974,2461246,2468727,2478863,2492178,2506306,2518881,2528522,2535842,2542099,2548478,2556525,2566545,2579056,2591895,2602693,2612219,2620628,2627816,2634354,2640157,2645100,2649364,2654111,2659223,2664210,2670588,2678373,2687301,2697372,2708568,2720153,2731215,2742499,2754167,2765440,2775369,2782890,2789146
斐济,FJI,285024,290485,295740,301089,306971,313647,321342,329835,338308,345661,351140,354382,355752,356114,356745,358545,361791,366164,371282,376515,381379,385876,390113,393888,396958,399204,400461,400855,400926,401390,402772,405266,408713,412794,417023,421030,424734,428230,431612,435004,438518,442151
法国,FRA,27500783,27641181,27752619,27848101,27946449,28061418,28196736,28348647,28514285,28688143,28865809,29047299,29233239,29420232,29604072,29781613,29817138,29979189,30122716,30246057,30362613,30472941,30579749,30688776,30842105,31049275,31271668,31495642,31715684,31946456,32184928,32407420,32606410,32786998,32953215,33112228,33267161,33421720,33586302,33739128,33870948,33996712
法罗群岛,FRO,,,,,,,,,,,,,,,,,,,,,,,,,,,,,,,,,,,,,,,,,,
密克罗尼西亚联邦,FSM,30504,31165,32087,33215,34438,35669,36910,38170,39418,40643,41822,42924,43942,44932,45958,47058,48257,49518,50744,51796,52574,53055,53254,53261,53165,53050,52932,52811,52671,52481,52228,51917,51576,51234,50930,50717,50605,50586,50648,50770,50949,51171
加蓬,GAB,336797,343666,351048,358934,367241,375945,385022,394519,404457,414837,425684,436976,448709,460813,473205,485829,498681,511768,525005,538322,551684,565071,578553,592205,606132,620448,635201,650458,666323,682933,700401,718642,737674,757855,779641,803281,828981,856432,884629,912250,938315,962446
英国,GBR,28879054,28865711,28853205,28854452,28881910,28919124,28932972,28927503,28942720,28993541,29063410,29133345,29196474,29261521,29337653,29425515,29516904,29596848,29667067,29740210,29814198,29883158,29950934,30026184,30110675,30198618,30290831,30391190,30502795,30647020,30830649,31033778,31254862,31482288,31702292,31932131,32162192,32365605,32561922,32787524,33029518,33247558
格鲁吉亚,GEO,2283950,2301462,2318199,2332545,2350013,2369381,2387562,2405799,2424380,2442134,2460427,2478987,2496045,2517613,2521586,2519102,2536042,2555807,2576240,2537875,2445223,2358827,2285013,2229820,2185272,2144363,2112921,2095875,2083504,2071801,2058926,2046427,2034024,2025443,2004946,1987940,1969873,1953414,1945799,1945292,1947315,1947902
加纳,GHA,4830598,4926069,5008788,5090511,5187753,5312010,5468009,5651123,5852043,6056937,6255798,6445389,6628943,6810762,6997748,7194713,7403483,7621748,7845338,8068227,8286506,8498434,8706642,8916911,9137345,9373777,9627492,9896583,10179717,10474404,10778298,11091802,11414105,11740054,12062997,12378257,12683468,12979926,13271204,13562832,13858892,14160325
直布罗陀,GIB,,,,,,,,,,,,,,,,,,,,,,,,,,,,,,,,,,,,,,,,,,
几内亚,GIN,2213559,2222256,2230719,2241995,2259947,2287430,2326558,2377242,2437522,2504164,2575233,2647908,2723815,2810522,2918414,3053661,3220358,3412683,3614770,3804743,3967030,4095931,4196309,4276141,4348227,4422247,4499934,4579235,4661797,4748786,4841089,4940389,5047276,5160143,5276379,5394250,5513181,5634264,5759456,5891446,6032162,6182233
冈比亚,GMB,258311,267053,275883,284951,294490,304670,315447,326795,338987,352369,367146,383487,401195,419611,437834,455234,471577,487089,502118,517212,532790,548940,565598,582903,600972,619905,639803,660658,682421,704924,728084,751880,776342,801506,827422,854117,881602,909844,938796,968409,998628,1029438
几内亚比绍共和国,GNB,394522,398374,401074,403495,406867,412065,419418,428623,439210,450385,461581,472629,483690,494871,506383,518369,530902,543833,556818,569403,581273,592289,602653,612803,623405,634946,647591,661255,675792,690946,706552,722555,739065,756221,774218,793195,813185,834092,855739,877836,900194,922735
赤道几内亚,GNQ,131082,127329,124585,123492,124805,128970,136382,146706,158695,170588,181123,189858,197126,203335,209218,215314,221687,228182,234937,242070,249678,257867,266677,276054,285931,296261,307027,318285,330152,342738,356138,370372,385405,401174,417606,434624,452205,470328,488902,507814,526980,546352
希腊,GRC,4586657,4655014,4712121,4769624,4825677,4869983,4910983,4938892,4965730,4989110,5007688,5024144,5041445,5060423,5087087,5140531,5200968,5238448,5266540,5290255,5312784,5334501,5359600,5388808,5409906,5433618,5464694,5488622,5506449,5525298,5546900,5569090,5588865,5608998,5628369,5639279,5633479,5604589,5564878,5528491,5492875,5470990
格林纳达,GRD,48305,47684,46932,46246,45878,46008,46729,47949,49371,50551,51211,51220,50702,49895,49166,48771,48794,49133,49683,50233,50669,50950,51128,51234,51302,51375,51459,51539,51616,51691,51772,51876,51983,52104,52238,52381,52532,52691,52858,53042,53241,53450
格陵兰,GRL,,,,,,,,,,,,,,,,,,,,,,,,,,,,,,,,,,,,,,,,,,
危地马拉,GTM,3185361,3270070,3355734,3442854,3532108,3623984,3718744,3816264,3916126,4017700,4120571,4224560,4329929,4437241,4547292,4660633,4777561,4897857,5020968,5146109,5272721,5400517,5529761,5661142,5795672,5934006,6076429,6222525,6371478,6522088,6673511,6825376,6977903,7131482,7286760,7444182,7603779,7765245,7928287,8092461,8257427,8423021
关岛,GUM,42994,44347,45760,47188,48558,49838,50996,52067,53073,54060,55066,56086,57115,58214,59454,60874,62495,64281,66146,67991,69706,71273,72699,73958,75033,75899,76553,77000,77285,77487,77656,77813,77960,78106,78259,78418,78582,78777,79018,79354,79804,80383
圭亚那,GUY,370681,374649,378706,382487,385511,387441,388207,387957,386914,385410,383708,381787,379681,377801,376655,376576,377812,380178,383002,385330,386511,386297,384922,382814,380610,378786,377478,376549,375899,375329,374704,373998,373316,372811,372686,373095,374094,375608,377474,379485,381464,383349
高收入国家,HIC,469208175,473015036,476954281,480924428,485075067,489119856,493160682,496990006,500597492,504026854,507478471,511082309,514679057,518351236,522242958,526357278,530659094,534121437,538301010,542271716,546768270,550569911,554280245,557886254,561428702,564870909,568444786,572079208,575659328,579381312,583144870,587149673,591367792,595864066,599879852,603525791,606173327,609616101,613137989,616749957,620246693,623694303
中国香港特别行政区,HKG,2204589,2220160,2234673,2256342,2366952,2421812,2478166,2522373,2571002,2607842,2646578,2689070,2724962,2755992,2792340,2808780,2839290,2869995,2926713,3001321,3070691,3221141,3260281,3300699,3346087,3389957,3429847,3460505,3469510,3512801,3544231,3582945,3629510,3666317,3688296,3728491,3765410,3817797,3842814,3879057,3921179,3954365
洪都拉斯,HND,1585044,1634723,1686233,1739488,1794354,1850717,1908580,1967946,2028791,2091046,2154682,2219650,2285963,2353710,2423057,2494089,2566801,2641120,2716938,2794134,2872579,2952160,3032796,3114420,3196982,3280384,3364548,3449278,3534236,3618985,3703204,3786765,3869619,3951543,4032338,4111846,4189937,4266679,4342501,4418009,4493633,4569499
重债穷国 (HIPC),HPC,119825466,123022986,126304141,129663093,133092052,136589107,140154703,143802566,147561332,151468269,155553279,159819314,164267729,168923236,173814362,178956627,184373562,190049430,195911798,201860887,207828577,213785341,219762781,225829417,232085470,238604120,245409263,252481305,259798055,267320391,275020900,282895850,290959517,299222988,307702516,316409765,325347313,334510153,343893659,353490245,363293768,373302399
克罗地亚,HRV,2325111,2337331,2349684,2361141,2368679,2371791,2378454,2390850,2403820,2415467,2426216,2435886,2444258,2451028,2456287,2461071,2415728,2358055,2371871,2399965,2385255,2354858,2345790,2346759,2338709,2317189,2230385,2231708,2231909,2231987,2234449,2234757,2234178,2233910,2231584,2226492,2218757,2211913,2205645,2196497,2178188,2162642
海地,HTI,2613087,2663102,2715602,2770957,2829543,2891525,2957135,3026083,3097381,3169679,3241953,3313823,3385407,3456799,3528304,3600134,3672190,3744307,3816555,3889044,3961845,4035027,4108512,4182037,4255249,4327908,4399844,4471170,4542336,4613930,4686361,4759769,4833926,4908447,4982759,5056436,5129341,5201518,5272949,5343654,5413639,5482852
匈牙利,HUN,5433515,5463281,5488144,5506672,5517046,5522377,5526033,5527380,5524529,5519027,5514092,5509115,5503786,5499042,5443361,5391796,5396456,5399722,5399124,5397163,5394748,5390163,5383620,5375074,5363568,5353114,5344068,5331803,5319113,5309446,5300472,5293268,5285599,5276393,5267839,5255174,5239172,5210712,5194660,5178828,5164605,5147451
只有IBRD,IBD,1305975594,1331023375,1355549030,1380326579,1405602591,1431164882,1457503994,1485249365,1513298436,1541072834,1569205887,1598023525,1627522610,1657073726,1686221086,1714625804,1742215473,1768828020,1794934081,1820685022,1846060168,1871177559,1896202993,1920857580,1944783879,1967795062,1990175983,2012076656,2033796092,2055360869,2076899546,2098278390,2119447894,2140753513,2162384128,2183951935,2205809910,2228003069,2250371754,2272682979,2294789452,2316824466
IBRD与IDA,IBT,1584177015,1616635205,1648887018,1681691120,1715264269,1749372557,1784502950,1821298374,1858671068,1896060064,1934108794,1973147498,2013159948,2053491734,2093668396,2133341008,2172358462,2210623190,2248536064,2286218058,2323670000,2361026640,2398429085,2435602639,2472178649,2508094151,2543588352,2578828663,2614139869,2649586202,2685312331,2721208155,2757239844,2793726696,2830811090,2868220914,2906127501,2944441180,2983211867,3022239874,3061396922,3100803480
IDA總,IDA,278201421,285611830,293337988,301364541,309661678,318207675,326998956,336049009,345372632,354987230,364902907,375123973,385637338,396418008,407447310,418715204,430142989,441795170,453601983,465533036,477609832,489849081,502226092,514745059,527394770,540299089,553412369,566752007,580343777,594225333,608412785,622929765,637791950,652973183,668426962,684268979,700317591,716438111,732840113,749556895,766607470,783979014
IDA混合,IDB,89314301,91960736,94741946,97649667,100667830,103784536,106993702,110294311,113683903,117161295,120722218,124365606,128082563,131849968,135639570,139455633,143216951,147001478,150790705,154577440,158391508,162277243,166210654,170168115,174102231,178114252,182153502,186240913,190396892,194659676,199054387,203593226,208295828,213163541,218184630,223507602,228960663,234376022,239919938,245569600,251294067,257075143
印度尼西亚,IDN,65483567,67114999,68757408,70416062,72098908,73809583,75552836,77320831,79089593,80826950,82510930,84128439,85688164,87216459,88751835,90320801,91934281,93580078,95233699,96859426,98432229,99944483,101406752,102834312,104250285,105672082,107105162,108546196,109993540,111442850,112891716,114337725,115784629,117243106,118727333,120245778,121803025,123391187,124990757,126574773,128123149,129628173
只有IDA,IDX,188887120,193651094,198596042,203714874,208993848,214423139,220005254,225754698,231688729,237825935,244180689,250758367,257554775,264568040,271807740,279259571,286926038,294793692,302811278,310955596,319218324,327571838,336015438,344576944,353292539,362184837,371258867,380511094,389946885,399565657,409358398,419336539,429496122,439809642,450242332,460761377,471356928,482062089,492920175,503987295,515313403,526903871
马恩岛,IMN,,,,,,,,,,,,,,,,,,,,,,,,,,,,,,,,,,,,,,,,,,
印度,IND,299356060,306336937,313455928,320736494,328214679,335911880,343831767,351949999,360225464,368602607,377038033,385516147,394036753,402590927,411173736,419781672,428400784,437026227,445675385,454374346,463139014,471971358,480855158,489765579,498668788,507537346,516357538,525125249,533833882,542479615,551056671,559563591,567989344,576308230,584488322,592508750,600355301,608038155,615591238,623063359,630489688,637879447
未分类国家,INX,,,,,,,,,,,,,,,,,,,,,,,,,,,,,,,,,,,,,,,,,,
爱尔兰,IRL,1587248,1611129,1632884,1656146,1678562,1698555,1719527,1737174,1751107,1763707,1768275,1770834,1772786,1766936,1761534,1764441,1775816,1788932,1798618,1806234,1815821,1830397,1848832,1867943,1888428,1912608,1941607,1972516,2002796,2038088,2082083,2138949,2202408,2249100,2273788,2288159,2300365,2312598,2327242,2346334,2369916,2397252
伊朗伊斯兰共和国,IRN,15912215,16387609,16889330,17435170,18048179,18742842,19521345,20372251,21278578,22216279,23163639,24121624,25083103,26008972,26850234,27574577,28159557,28620089,29007645,29396359,29838860,30356668,30931804,31529902,32098397,32600982,33027142,33395107,33731820,34076678,34458280,34883854,35344702,35834024,36339464,36851011,37367821,37890619,38412198,38923852,39418735,39893266
伊拉克,IRQ,5723626,5907361,6095134,6286800,6482183,6680939,6884240,7091645,7299455,7502696,7698500,7885009,8065181,8246836,8440742,8654737,8891139,9148014,9423577,9714433,10017634,10333576,10662092,10998781,11337981,11675700,12011530,12346914,12682258,13018619,13357780,13697544,14040247,14397667,14785372,15213700,15688080,16203292,16745834,17296181,17840093,18373070
冰岛,ISL,107846,108966,109823,110741,111886,113134,114500,116098,117706,119019,120010,120942,122314,124282,125860,126878,128382,130026,131382,132554,133321,134111,135285,136821,138548,140483,142368,143616,144563,145744,147947,151292,154970,157684,158089,157818,158360,159347,161052,163026,164840,167168
以色列,ISR,1722829,1763771,1805674,1845872,1895183,1941964,1981170,2018401,2054815,2081121,2117545,2150010,2184578,2221209,2260490,2334317,2483653,2576891,2652676,2728024,2806298,2883785,2958648,3028056,3106541,3189814,3265659,3331477,3391311,3450869,3511390,3573339,3636807,3701329,3789762,3857885,3927384,3997503,4069325,4144596,4224040,4304343
意大利,ITA,28426374,28579143,28714320,28830688,28924861,28989671,29022981,29037436,29038141,29035987,29039762,29041549,29048643,29069794,29100094,29133098,29161666,29189841,29216050,29230518,29239619,29257140,29282100,29298030,29305570,29314804,29319124,29344004,29453801,29628207,29765643,29856811,30017653,30230970,30380949,30480264,30531102,30605836,30949950,31219344,31172015,31100617
牙买加,JAM,1034137,1046872,1058181,1069003,1080681,1094123,1109719,1126957,1144805,1161772,1176811,1189548,1200375,1209933,1219193,1228894,1239189,1249865,1260834,1271881,1282852,1293735,1304566,1315353,1326107,1336801,1347442,1357982,1368165,1377690,1386369,1394091,1400949,1407101,1412812,1418287,1423553,1428582,1433437,1438191,1442884,1447539
约旦,JOR,996305,1022477,1047320,1072709,1100945,1133772,1172282,1216392,1265214,1317227,1371449,1426743,1483737,1545212,1614993,1695282,1787789,1890168,1995598,2094779,2181152,2253169,2313390,2364630,2411454,2457924,2504147,2551213,2605551,2675214,2765918,2878776,3012088,3164838,3334906,3519461,3719036,3930602,4143170,4342550,4518327,4666603
日本,JPN,56691997,57105173,57653310,58174911,58666221,59128248,59567871,59975733,60389917,60780872,61163308,61550258,61869882,62152433,62425695,62656610,62867391,63038682,63209656,63442409,63705123,63889964,64068450,64270738,64416737,64552735,64735890,64913391,65078698,65126513,65158293,65225132,65325239,65380944,65394930,65426397,65322287,65232594,65151607,65078022,65022509,64962126
哈萨克斯坦,KAZ,7116644,7200574,7278855,7354325,7430858,7511120,7594633,7680032,7767791,7858332,7950914,8047322,8144638,8231749,8364311,8411885,8463329,8457889,8404413,8288105,8151261,8038600,7924803,7802050,7739277,7723769,7714021,7713815,7736353,7785456,7849892,7928259,8014140,8107052,8318483,8432075,8549430,8667200,8790043,8918252,9047892,9176388
肯尼亚,KEN,6768625,7025585,7293132,7572056,7863387,8167708,8485149,8815045,9156056,9506408,9864601,10230046,10602437,10980974,11364817,11753271,12146206,12543365,12943909,13346872,13751783,14158506,14567859,14981603,15402097,15831345,16269934,16718287,17178058,17651074,18138664,18641434,19159232,19691569,20237536,20796266,21367666,21951355,22545763,23148907,23759240,24376019
吉尔吉斯斯坦,KGZ,1698102,1730047,1761992,1793362,1825847,1858659,1893092,1930234,1970100,2009177,2045606,2082658,2120184,2155156,2197763,2237570,2271576,2295049,2292965,2289711,2310631,2343544,2376924,2412884,2448183,2476441,2498567,2519816,2544649,2574527,2603616,2632847,2660134,2687890,2722306,2755564,2788474,2833345,2887600,2943790,3003502,3064742
柬埔寨,KHM,3801358,3768718,3700411,3619896,3559932,3543896,3580821,3663298,3778209,3904908,4028363,4144474,4258164,4373973,4499493,4639750,4795234,4962133,5135999,5310691,5481452,5646856,5807074,5960919,6107498,6246282,6376735,6498963,6614097,6723831,6829733,6931842,7030759,7129304,7231015,7338386,7452628,7573042,7697760,7823844,7949056,8072928
基里巴斯,KIR,27919,28341,28786,29240,29677,30099,30484,30850,31243,31716,32318,33076,33964,34905,35808,36591,37227,37740,38197,38660,39205,39830,40523,41274,42047,42813,43562,44320,45101,45934,46835,47825,48873,49969,51060,52120,53133,54108,55065,56024,56996,57997
圣基茨和尼维斯,KNA,,,,,,,,,,,,,,,,,,,,,,,,,,,,,,,,,,,,,,,,,,
大韩民国,KOR,17591165,17877598,18161048,18441093,18724853,19020941,19322233,19625423,19918812,20167188,20366551,20568735,20769887,20970814,21175006,21379777,21586910,21806377,22023192,22241156,22462999,22676995,22891404,23059119,23225602,23422063,23603054,23739931,23863421,23959241,24012641,24143347,24271299,24462878,24595825,24724979,24921589,25058260,25177505,25340846,25479412,25599155
科威特,KWT,467324,491491,514009,536287,560273,587278,616873,648261,681784,717861,756149,798981,844843,885075,908089,906582,875604,,,,675444,681477,715168,765296,814957,852236,873408,883499,889844,903506,932344,977642,1036193,1105851,1183027,1264499,1350547,1440454,1528741,1608467,1674811,1725231
拉丁美洲与加勒比海地区（不包括高收入）,LAC,139479765,142976997,146507190,150073276,153679936,157329042,161021652,164752109,168507755,172271921,176032266,179780542,183518094,187253569,191000796,194768151,198555956,202354856,206151513,209928011,213669884,217375916,221045151,224664232,228217500,231695838,235090439,238409065,241679955,244942076,248223670,251533382,254862625,258200704,261529832,264835613,268115520,271370163,274591737,277771353,280901794,283978049
老挝,LAO,1540697,1563687,1581346,1597016,1615390,1639913,1671666,1709757,1753231,1800385,1849894,1901437,1955284,2011218,2069081,2128615,2189761,2251991,2313945,2373948,2430801,2483938,2533682,2580864,2626754,2672357,2717761,2762783,2807873,2853538,2900066,2947921,2996951,3046069,3093713,3138887,3181033,3220746,3259544,3299587,3342381,3388469
黎巴嫩,LBN,1275280,1290176,1299169,1304227,1308355,1313722,1321363,1330689,1340365,1348307,1353277,1354379,1352840,1352080,1356755,1369995,1393925,1427129,1464894,1500485,1529370,1548876,1561340,1573331,1594207,1630218,1685835,1758022,1836677,1907407,1960919,1990038,2000361,2010478,2046474,2125452,2255349,2425727,2612875,2783142,2912197,2992600
利比里亚,LBR,814027,838029,862462,888163,916264,947252,982059,1019473,1055191,1083451,1100342,1105109,1099805,1086929,1070245,1053222,1034899,1016309,1005182,1011479,1041533,1099900,1182850,1278292,1369068,1443101,1495425,1530290,1555938,1584918,1626142,1682171,1749372,1823016,1895866,1962744,2022344,2076618,2127555,2178344,2231332,2286976
利比亚,LBY,1270346,1321401,1373325,1426069,1479628,1533963,1588948,1644441,1700418,1756875,1813755,1870978,1928341,1985512,2042097,2097727,2152407,2206064,2258318,2308715,2356981,2402847,2446579,2489120,2531779,2575492,2620276,2665744,2711895,2758634,2805687,2853906,2902842,2949337,2989125,3019583,3038911,3049002,3055473,3066177,3086644,3118968
圣卢西亚,LCA,56605,57236,57950,58715,59504,60285,61049,61801,62589,63449,64422,65519,66725,67974,69195,70335,71350,72280,73148,74037,74980,75999,77072,78147,79171,80088,80886,81578,82223,82881,83618,84445,85345,86265,87128,87893,88528,89063,89518,89957,90394,90842
拉丁美洲与加勒比海地区,LCN,162589695,166473611,170389276,174344184,178339966,182381588,186465541,190588146,194737829,198900517,203065546,207224532,211377404,215530711,219695711,223880217,228078264,232283537,236486340,240664898,244802188,248900550,252951217,256937294,260850442,264681083,268424524,272090509,275707061,279312740,282934827,286579235,290239489,293908683,297570607,301212212,304817649,308397992,311946600,315442008,318881850,322259414
最不发达国家：联合国分类,LDC,174434594,178750091,183246243,187908983,192712251,197639580,202690318,207880952,213232312,218772096,224521239,230482521,236652408,243036512,249639540,256461517,263511737,270781511,278230155,285803246,293463026,301189410,308996894,316925212,325032929,333361144,341928736,350719817,359699655,368816643,378036579,387345969,396765797,406338475,416123553,426163994,436474545,447041560,457844914,468852095,480038819,491398333
低收入国家,LIC,121389504,124451741,127588154,130794922,134066349,137402174,140801496,144277886,147863825,151601515,155522964,159637436,163941840,168439452,173129676,178009231,183088295,188362422,193794881,199336237,204952763,210631491,216388523,222255680,228279940,234497241,240910255,247513129,254322405,261355953,268622571,276140374,283897658,291837045,299879476,307971473,316092268,324267797,332549601,341012810,349714258,358662630
列支敦士登,LIE,,,,,,,,,,,,,,,,,,,,,,,,,,,,,,,,,,,,,,,,,,
斯里兰卡,LKA,6715693,6847856,6980784,7113172,7243150,7369475,7491314,7609332,7725520,7842728,7962809,8086349,8212144,8338147,8461430,8579700,8693124,8801976,8904394,8998147,9082098,9154845,9218048,9277436,9340861,9413874,9498515,9593001,9694304,9797633,9899299,9998528,10095876,10190563,10281956,10369469,10452674,10531391,10634412,10752531,10865778,11001870
中低等收入国家,LMC,650066687,665501720,681345896,697638970,714438412,731768230,749660271,768007551,786767939,805798803,824973760,844274068,863693749,883229342,902863578,923509691,943256513,963093477,982870268,1002421641,1021853894,1041295914,1060736768,1080157555,1099528174,1118945002,1138391170,1157884030,1177437931,1196995061,1216526898,1236031495,1255553577,1275164430,1294938890,1315084285,1335445499,1355861406,1376469803,1397104131,1417780374,1438415759
中低收入国家,LMY,1556308559,1588414753,1620286909,1652719877,1685916090,1719632364,1754375816,1790780184,1827760086,1864761508,1902438077,1941124703,1980805401,2020837153,2060727963,2101090415,2139927199,2178039160,2215740432,2253203757,2290491177,2327705577,2364942305,2401916277,2438308312,2474258171,2509651426,2544704420,2579832638,2615088625,2650611646,2686301892,2722121310,2758383367,2795235261,2832486623,2870178663,2908289821,2946871934,2985719463,3024705023,3063934832
莱索托,LSO,619512,634146,649313,664967,681043,697436,714257,731386,748157,763722,777542,789255,799168,808274,817959,829215,842335,856936,872516,888262,903529,918284,932613,946155,958504,969395,978681,986542,993471,1000204,1007298,1014885,1022950,1031716,1041401,1052149,1064073,1077146,1091073,1105439,1119924,1134442
後期人口紅利,LTE,737854254,749558631,760483860,771376378,782384728,793237640,804397359,816615921,828837268,840626058,852746230,865541891,879002091,892508669,905642192,918112942,929773579,939606992,949786168,959752990,970166808,979700103,989152261,998269948,1006758562,1014446818,1021723061,1028537217,1035144881,1041633063,1048107607,1054438816,1060557305,1066742594,1073104550,1079239945,1085496946,1091955407,1098550416,1105213364,1111785260,1118483263
立陶宛,LTU,1747691,1761383,1774831,1787344,1796616,1804307,1814297,1826663,1840970,1855675,1870928,1888099,1906769,1926163,1940927,1948034,1951948,1951013,1943427,1931893,1919099,1906649,1894827,1883418,1872416,1861632,1848655,1836116,1823526,1805576,1779046,1753791,1736215,1721514,1705103,1671542,1635130,1613481,1596810,1582528,1567186,1547039
卢森堡,LUX,182700,183709,184211,184787,185482,186393,187197,187593,187846,188156,188526,189240,190226,191294,192852,195016,197450,199943,202537,205217,208002,210723,213238,215754,218564,221417,223993,226302,229009,232195,235616,239202,242672,246737,250964,255121,260301,266009,271601,277525,283726,289646
拉脱维亚,LVA,1325071,1332688,1340079,1346918,1351207,1354227,1358334,1364555,1372327,1380188,1387811,1396841,1408247,1419717,1424918,1422321,1416775,1400035,1376159,1356697,1340108,1326718,1314370,1302266,1291779,1279609,1263593,1249474,1237988,1225060,1212346,1201684,1192294,1180132,1160972,1137039,1116302,1102136,1089880,1079155,1069908,1059842
中国澳门特别行政区,MAC,117598,116378,115200,114461,114649,116099,118967,123159,128412,134344,140628,147226,154126,161083,167792,174040,179716,184853,189581,194159,198751,203353,207952,212663,217637,222972,228740,234925,241276,247481,253313,258671,263640,268490,273617,279283,285596,292419,299466,306325,312689,318466
圣马丁（法属）,MAF,,,,,,,,,,,,,,,,,,,,,,,,,,,,,,,,,,,,,,,,,,
摩洛哥,MAR,8974405,9173859,9382710,9600806,9827550,10062073,10304800,10554839,10808359,11060353,11307183,11546698,11779511,12008015,12236047,12466123,12699164,12933392,13165485,13390821,13606181,13810735,14005885,14193361,14375851,14555639,14733332,14909301,15085371,15263618,15445754,15632268,15823477,16020577,16224825,16436824,16657128,16884834,17117316,17350958,17582911,17812109
摩纳哥,MCO,,,,,,,,,,,,,,,,,,,,,,,,,,,,,,,,,,,,,,,,,,
摩尔多瓦,MDA,1723379,1738932,1751733,1763965,1776258,1790254,1805999,1822965,1840571,1858199,1874738,1890167,1905047,1917855,1927614,1934385,1937648,1937925,1934632,1928742,1919737,1915124,1907223,1905629,1901938,1897570,1893096,1888695,1883397,1878524,1873351,1867061,1861275,1856120,1852342,1849494,1847936,1847652,1847498,1846997,1846618,1846494
马达加斯加,MDG,3756868,3867261,3981322,4099082,4220573,4345801,4475010,4608245,4745204,4885440,5028749,5175124,5325047,5479567,5640030,5807510,5982248,6164279,6354173,6552514,6759633,6975841,7200855,7433563,7672439,7916321,8164824,8418063,8675990,8938681,9206230,9478640,9755837,10037730,10324224,10615345,10911018,11211556,11517879,11831163,12152293,12481569
马尔代夫,MDV,64748,66669,68661,70768,73054,75548,78268,81198,84310,87569,90940,94414,97977,101585,105200,108778,112314,115782,119155,122381,125429,128287,130968,133516,135989,138430,140865,143294,145742,148227,150778,153400,156088,158881,161801,164874,168107,171475,174921,178367,181740,185036
中东与北非地区,MEA,78666899,80897640,83221668,85671158,88298219,91116988,94130396,97324548,100652226,104040242,107462526,110891654,114326180,117726250,121044765,125258224,128476186,130685151,133678822,136646810,140302898,143318347,146380979,149426940,152443297,155394476,158252288,161045613,163851992,166777811,169894822,173225789,176745654,180421634,184210161,188017223,191861906,195744000,199627258,203469818,207242020,210914242
墨西哥,MEX,30511794,31388332,32249766,33097665,33936252,34768819,35595551,36415343,37229095,38037950,38843457,39643463,40439557,41241293,42061252,42907164,43783246,44683267,45591586,46486389,47351425,48185257,48991681,49766759,50507138,51213051,51878234,52509648,53136973,53800047,54526575,55328392,56195237,57105221,58025277,58930624,59814705,60682808,61535994,62378597,63213533,64038916
马绍尔群岛,MHL,,,,,,,,,,,,,,,,,,,,,,,,,,,,,,,,,,,,,,,,,,
中等收入国家,MIC,1434919055,1463963012,1492698755,1521924955,1551849741,1582230190,1613574320,1646502298,1679896261,1713159993,1746915113,1781487267,1816863561,1852397701,1887598287,1923081184,1956838904,1989676738,2021945551,2053867520,2085538414,2117074086,2148553782,2179660597,2210028372,2239760930,2268741171,2297191291,2325510233,2353732672,2381989075,2410161518,2438223652,2466546322,2495355785,2524515150,2554086395,2584022024,2614322333,2644706653,2674990765,2705272202
北马其顿,MKD,888001,899231,911984,925362,938052,949105,958234,965679,971690,976697,981023,984808,987970,990369,991790,992131,991256,989438,987569,986809,987963,991411,996807,1003357,1009871,1015479,1019947,1023493,1026256,1028527,1030508,1032210,1033542,1034593,1035471,1036246,1036955,1037618,1038281,1038992,1039799,1040717
马里,MLI,3244736,3303805,3363753,3425466,3490253,3558894,3632381,3710118,3789419,3866569,3939267,4006164,4069045,4132514,4203024,4285179,4381029,4489252,4606862,4729298,4853376,4978290,5105673,5237691,5377522,5527487,5687913,5858139,6038300,6228324,6427936,6637701,6857144,7083581,7313412,7544179,7774713,8006038,8240526,8481734,8732264,8992886
马耳他,MLT,156427,157170,157743,159336,160855,162365,163292,166484,168466,168147,170837,173494,174539,175867,177497,179152,183952,185773,187540,189180,190347,191399,192613,193625,194574,195708,197141,198632,200013,201439,202803,203612,204389,205745,207256,208143,208785,210327,212915,216851,221806,226761
缅甸,MMR,15225650,15583863,15946874,16315570,16691286,17074396,17464723,17860037,18255984,18646946,19028391,19400010,19761581,20109001,20437475,20744423,21026332,21286017,21535046,21789344,22059954,22351188,22658520,22973216,23282195,23575668,23852625,24115469,24362088,24590638,24800752,24990395,25162018,25325526,25494251,25677919,25880018,26098322,26329696,26568570,26810520,27055155
中东与北非地区（不包括高收入）,MNA,71976655,73925179,75955524,78094203,80373872,82814548,85422388,88180902,91057872,94007965,96992949,100005113,103037236,106052114,109006182,112846058,115641160,118332540,120952093,123548507,126157014,128795105,131453087,134080933,136667571,139192005,141643729,144046346,146454141,148940867,151559043,154326454,157226837,160241656,163326126,166448547,169608126,172805186,176016844,179216394,182385214,185506432
黑山,MNE,278802,281766,284232,286450,288825,291623,294957,298643,302242,305168,307022,307602,307108,306002,304958,304455,304677,305461,306534,307463,307947,307898,307457,306827,306323,306148,307768,309401,311003,311826,312424,312787,313068,313394,313826,314208,314411,314606,314873,315153,315298,315326
蒙古,MNG,750363,771175,792057,813115,834530,856418,878570,900906,923872,948060,973731,1001258,1030106,1058564,1084362,1105890,1122550,1134957,1144203,1151975,1159575,1167310,1175082,1183222,1192050,1201825,1212825,1225214,1238908,1253722,1269516,1286191,1303860,1322895,1343772,1366755,1391988,1419134,1447368,1475577,1502931,1529110
北马里亚纳群岛,MNP,,,,,,,,,,,,,,,,,,,,,,,,,,,,,,,,,,,,,,,,,,
莫桑比克,MOZ,5281658,5429028,5585011,5745005,5902843,6053591,6199166,6340044,6468659,6575362,6655357,6701867,6722292,6743220,6800817,6920003,7112524,7368284,7663460,7962873,8241125,8490655,8719777,8938130,9161516,9401481,9660004,9932985,10218785,10514229,10817065,11127354,11446408,11774542,12112282,12460011,12817824,13185661,13563638,13951848,14350342,14759218
毛里塔尼亚,MRT,667099,686552,706491,726967,748056,769806,792254,815381,839105,863287,887861,912839,938300,964262,990786,1017947,1045709,1074143,1103624,1134590,1167344,1202083,1238668,1276723,1315716,1355233,1395222,1435805,1477096,1519266,1562469,1606638,1651799,1698322,1746655,1797102,1849830,1904645,1961066,2018404,2076146,2134120
毛里求斯,MUS,451882,459830,467641,473774,481868,489702,496523,502004,505927,510515,514000,517306,520609,523707,527323,530783,536329,543325,549824,557752,562908,569207,577044,583866,591986,598324,603367,607704,612121,615928,619540,622406,625218,627462,629116,630609,631622,633396,634860,636160,637251,638056
马拉维,MWI,2710883,2791823,2878174,2967677,3057108,3144984,3226375,3303695,3391296,3508729,3667918,3878472,4130840,4394514,4627205,4799890,4899763,4939525,4946925,4962743,5016447,5117347,5256282,5422076,5596344,5765813,5928095,6088628,6251067,6421362,6603729,6798963,7005096,7220362,7442078,7668291,7898445,8133132,8372941,8618832,8871474,9130977
马来西亚,MYS,6013552,6166032,6325079,6489034,6655482,6822932,6990340,7158964,7332503,7515986,7712828,7924607,8149654,8384171,8622669,8861157,9097595,9332980,9569889,9812366,10062853,10322454,10588820,10856961,11120004,11373102,11614624,11846187,12070231,12290645,12510515,12729790,12948160,13168178,13392954,13624427,13864137,14110891,14360498,14607024,14846230,15076399
北美,NAC,121366353,122638832,123986276,125392666,126850317,128167732,129485710,130753385,131947670,133094008,134287716,135570320,136883884,138227929,139683922,141323916,143200162,145123175,146944562,148638899,150286913,151957248,153702027,155387292,157063531,158718296,160235211,161662138,163021985,164498486,165987290,167530917,169104533,170707099,172226251,173674282,174943252,176261993,177517931,178837411,180129738,181478870
纳米比亚,NAM,458220,470650,482937,495119,507264,519505,531654,543896,557263,573100,592290,615305,641648,670025,698600,726026,751704,775948,799385,823029,847543,873199,899482,925364,949434,970746,989015,1004713,1018550,1031580,1044649,1057884,1071328,1085741,1102004,1120725,1142279,1166458,1192582,1219635,1246824,1273940
新喀里多尼亚,NCL,63490,64309,65379,66227,66846,67737,69137,70763,72361,73925,75404,76912,78527,80128,81748,83716,85876,88004,90258,92690,94857,96793,98833,100911,103052,105247,107494,109796,111887,113725,115467,117072,118561,119996,121329,123063,125327,127730,130208,132584,134909,137110
尼日尔,NER,2652865,2724766,2799359,2877048,2958362,3043664,3133343,3227386,3325290,3426323,3530026,3636370,3745844,3859220,3977513,4101584,4231807,4368329,4511425,4661317,4818226,4982538,5154562,5334456,5522328,5718334,5922793,6136116,6358731,6591091,6833661,7086722,7350684,7626315,7914508,8215973,8531303,8860638,9203723,9560027,9929262,10311584
尼日利亚,NGA,31640397,32539873,33500710,34503301,35520172,36531755,37530378,38522258,39518749,40537583,41591585,42684183,43810844,44967049,46145480,47341122,48553919,49786996,51042378,52323039,53631777,54970338,56340342,57744480,59185741,60667140,62190148,63757308,65373968,67046454,68779525,70575262,72433510,74353790,76334495,78374056,80473208,82631478,84844470,87106365,89413014,91762883
尼加拉瓜,NIC,1395052,1438571,1483445,1529408,1576083,1623157,1670565,1718255,1765952,1813344,1860238,1906365,1951797,1996998,2042647,2089164,2136728,2185027,2233470,2281235,2327709,2372770,2416516,2458907,2499951,2539707,2578043,2615044,2651259,2687383,2723938,2761150,2798886,2836764,2874228,2910869,2946579,2981513,3015883,3049989,3084062,3118163
荷兰,NLD,6854978,6912927,6959034,7007513,7061836,7123632,7178182,7216453,7248724,7281773,7319234,7362547,7411151,7460087,7505071,7556295,7614647,7670302,7721514,7766014,7802880,7838167,7878475,7927388,7980350,8037107,8096932,8147243,8183862,8210231,8227240,8238155,8253650,8283389,8323789,8364526,8401919,8431634,8455090,8483704,8518825,8560890
挪威,NOR,2016974,2027198,2036640,2045376,2053360,2061011,2069200,2077916,2085855,2092615,2099510,2107328,2117263,2128548,2137180,2144423,2154633,2167123,2180058,2192372,2203443,2214031,2225227,2237575,2252100,2266121,2277264,2289408,2302579,2315385,2329544,2345795,2366827,2392602,2418851,2445123,2473134,2502024,2528826,2554063,2576388,2596205
尼泊尔,NPL,6678305,6821420,6969777,7123677,7283400,7449177,7620985,7798830,7982986,8173792,8371357,8576133,8787760,9004634,9224537,9446026,9666989,9887926,10113018,10348193,10596893,10861431,11138200,11417513,11686101,11934587,12159282,12363237,12552126,12734812,12917908,13102582,13287135,13471945,13656848,13841577,14027046,14213340,14398287,14578845,14752909,14919469
瑙魯,NRU,,,,,,,,,,,,,,,,,,,,,,,,,,,,,,,,,,,,,,,,,,
新西兰,NZL,1545478,1560059,1565939,1567568,1562589,1565640,1572657,1589259,1611978,1627206,1638889,1640556,1657206,1664220,1674210,1690913,1775058,1793033,1812611,1836145,1863205,1893714,1920164,1939127,1951226,1964351,1977307,2013084,2054023,2085205,2108864,2134243,2153316,2170475,2191055,2214443,2230475,2241976,2258668,2292592,2335996,2385390
经合组织成员,OED,482503880,486904790,491426823,495963070,500559896,505076980,509514596,513718450,517724891,521554798,525424513,529456027,533466181,537547307,541875446,546475870,551373156,556333738,561049555,565498495,569838936,574050211,578221401,582210700,586188269,590045463,594058173,598084911,602120912,606197704,610294659,614600190,619086974,623830460,628188434,632218548,635301083,639154519,643159742,647312758,651379284,655454200
阿曼,OMN,437435,455715,475597,497200,520664,545991,573272,602185,631807,660887,688515,714358,738554,761252,782796,803467,823219,842027,860284,878499,897040,916140,935747,955626,975372,994740,1014032,1033547,1053038,1072171,1090916,1108721,1126274,1146288,1172364,1206905,1250908,1303085,1360629,1419517,1476654,1531216
其他小国,OSS,6258428,6380353,6504170,6630901,6766062,6910748,7064426,7228077,7397282,7572766,7757660,7950811,8151313,8353147,8551887,8741909,8926426,9092528,9248579,9408818,9569156,9735068,9907197,10081909,10268928,10457199,10638992,10823252,11010025,11203442,11406991,11620185,11842928,12076098,12315633,12563311,12817165,13082570,13354961,13630351,13906699,14179026
巴基斯坦,PAK,31658164,32656888,33709669,34820369,35992944,37229067,38529085,39888932,41299740,42749557,44228060,45732560,47259960,48799114,50336973,51864231,53373869,54867015,56352751,57845160,59353966,60884075,62430986,63983970,65527614,67052144,68554278,70041610,71528649,73035586,74577796,76158307,77775038,79431613,81130832,82873406,84661523,86491697,88351309,90223238,92094180,93958639
巴拿马,PAN,858864,882095,905521,929059,952641,976230,999777,1023325,1046962,1070857,1095101,1119755,1144790,1170201,1195943,1221992,1248346,1275018,1302065,1329543,1357489,1385931,1414829,1444104,1473626,1503316,1533128,1563094,1593263,1623703,1654463,1685542,1716890,1748568,1780611,1813055,1845891,1879061,1912426,1945797,1979028,2012048
秘鲁,PER,7593710,7800831,8013773,8230942,8450073,8669527,8888432,9107129,9326509,9548042,9772633,10000155,10229681,10460377,10691111,10920797,11149309,11376105,11599241,11816310,12025641,12226609,12419736,12606015,12786981,12964040,13137629,13308134,13476784,13645023,13814104,13984304,14156091,14331114,14511323,14697923,14891720,15091930,15296126,15500874,15703562,15903293
菲律宾,PHL,20393957,20971101,21560702,22164311,22784005,23421187,24076019,24747903,25436526,26141303,26861475,27596976,28346937,29108694,29878844,30654801,31435212,32220114,33010026,33806126,34609159,35416867,36227959,37045180,37872424,38711182,39565807,40432061,41292735,42124647,42912666,43648302,44340289,45011888,45696154,46416789,47182030,47984372,48812495,49648311,50478479,51300100
帕劳,PLW,,,,,,,,,,,,,,,,,,,,,,,,,,,,,,,,,,,,,,,,,,
巴布亚新几内亚,PNG,1407607,1446670,1487158,1529131,1572658,1617735,1664455,1712708,1762088,1812070,1862282,1912596,1963168,2014262,2066297,2119592,2174194,2230083,2287496,2346683,2407828,2471029,2536223,2603173,2671537,2741051,2811604,2883205,2955885,3029711,3104704,3180856,3258042,3336019,3414498,3493244,3572147,3651254,3730662,3810527,3891001,3972066
波兰,POL,17469910,17642584,17812345,17953816,18097278,18262624,18424970,18589840,18759206,18924954,19074926,19204864,19315092,19398342,19472326,19552674,19625903,19690101,19744456,19790821,19822965,19843827,19863037,19876966,19883008,19685018,19689267,19690684,19688161,19686741,19686876,19681594,19676666,19684009,19701480,19649274,19663791,19667525,19659204,19647678,19637331,19631197
預人口紅利,PRE,138503817,142536320,146785488,151184648,155640375,160088228,164509996,168935261,173407115,177990150,182736569,187647517,192721810,198005915,203555794,209406321,215595524,222103634,228836547,235661892,242490180,249285687,256094941,263011719,270171701,277674710,285555156,293789767,302351590,311191316,320274885,329596351,339176111,349036618,359209277,369715098,380562813,391740076,403221195,414969262,426957331,439176618
波多黎各,PRI,1530529,1557512,1582214,1604729,1625624,1645264,1663143,1679298,1694619,1710296,1727167,1745468,1764943,1785064,1804986,1824091,1839175,1852578,1869258,1887539,1905936,1928355,1947240,1959347,1970094,1976507,1981804,1985506,1987844,1989105,1986720,1978371,1966494,1954452,1943273,1933052,1910619,1887584,1866114,1835923,1803860,1769152
朝鲜民主主义人民共和国,PRK,8501728,8636973,8753453,8858871,8964331,9077912,9202502,9335984,9475405,9615780,9753619,9887585,10019339,10151792,10289097,10433806,10587334,10747409,10908411,11062570,11204390,11331477,11445530,11550097,11650730,11751348,11853238,11954889,12054172,12147876,12233823,12311418,12381989,12447617,12511265,12575130,12639905,12705154,12770544,12835326,12898959,12961464
葡萄牙,PRT,4746304,4876017,4921124,4968136,5016167,5066211,5107013,5136144,5158803,5178111,5192146,5197115,5196348,5191737,5184845,5173910,5161908,5157382,5162882,5175895,5192984,5211940,5234878,5260854,5289443,5324523,5358684,5383724,5400081,5411401,5423368,5438963,5458782,5478177,5495961,5511012,5515281,5505184,5486359,5466320,5450718,5437605
巴拉圭,PRY,1390170,1423732,1458856,1495834,1534971,1576454,1620379,1666633,1714921,1764804,1815926,1868165,1921433,1975413,2029725,2084091,2138275,2192196,2245959,2299723,2353596,2407511,2461252,2514623,2567356,2619219,2670265,2720429,2769242,2816127,2860748,2902864,2942792,2981422,3020027,3059484,3100121,3141752,3184174,3227025,3269996,3313088
约旦河西岸和加沙,PSE,,,,,,,,,,,,,,,,977097,1021603,1068133,1116795,1167684,1220919,1276607,1334866,1369229,1404503,1440710,1477863,1515997,1555125,1595290,1636509,1678820,1722250,1772606,1824616,1878271,1935407,1994467,2054885,2116581,2179424,2243251
太平洋岛国,PSS,601082,613662,626315,639260,652771,667045,682254,698259,714234,729129,742246,753188,762315,770602,779423,789807,802062,815808,830452,845035,858852,871789,884061,895746,906970,917890,928402,938570,948803,959600,971340,984235,998122,1012681,1027400,1041958,1056229,1070276,1084275,1098388,1112753,1127389
人口紅利之後,PST,450166093,453152746,456260914,459393994,462651461,465752897,468837906,471620001,474174797,476576011,479002257,481648469,484337685,487135681,490136862,493221010,496468511,499843294,503032897,505870123,508507795,511128622,513638139,516036203,518395042,520863216,523231970,525691114,528206673,530839807,533451080,536242712,539212897,542438224,545194779,547694045,549154134,551421224,553796000,556258246,558689114,561117477
法属波利尼西亚,PYF,63158,65052,66943,68862,70815,72824,74866,76943,79072,81270,83554,85955,88432,90895,93220,95296,97082,98620,100059,101609,103417,105534,107887,110383,112833,115116,117208,119131,120908,122571,124154,125657,127078,128407,129653,130825,131899,132897,133884,134936,136113,137438
卡塔尔,QAT,55117,59534,64450,69921,76025,82780,90206,98187,106502,114846,122975,130873,138526,145675,152029,157422,161796,165339,168401,171478,174976,179136,184070,190030,197234,205925,216144,228096,242359,259659,280456,304752,332214,362569,395400,430198,467061,505493,543652,579161,610372,636441
罗马尼亚,ROU,10808256,10934812,11034402,11129827,11197390,11272481,11358923,11409689,11447481,11482211,11533112,11585816,11631396,11686491,11740471,11763970,11667035,11568480,11560436,11552202,11537904,11514191,11491007,11477321,11469206,11463790,11313535,11116055,11043464,10988040,10928084,10871743,10720794,10551954,10472080,10416650,10370869,10328980,10293901,10257961,10211906,10155364
俄罗斯联邦,RUS,72693684,73133908,73564605,73991040,74420436,74862692,75284234,75684739,76064876,76560555,77061176,77503970,77923042,78305209,78653190,78866031,78975953,78966003,78851323,78743619,78766089,78663445,78556610,78461115,78264697,77993457,77731088,77450283,77179881,76949087,76730155,76547265,76477319,76493620,76551094,76601805,76657531,76764455,76895161,77029543,77152257,77268128
卢旺达,RWA,2218326,2289389,2364290,2443171,2526150,2613256,2701250,2789303,2882353,2987272,3106987,3251035,3413325,3562833,3657524,3670994,3584697,3417233,3224536,3084812,3052407,3150127,3356288,3626323,3893796,4110741,4263326,4367356,4440024,4509683,4597016,4705238,4826620,4958110,5093921,5229831,5365672,5503337,5642849,5784486,5928320,6074266
南亚,SAS,385726972,394963375,404497857,414311586,424375694,434666283,445172904,455892018,466813607,477928133,489224731,500692250,512316291,524078808,535959612,547940431,560006904,572147404,584350077,596604091,608898261,621218205,633550682,645887064,658220169,670540403,682842480,695111281,707316287,719420105,731395401,743227098,754918061,766481764,777941269,789313612,800599852,811793889,822925927,833987357,844958022,855862740
沙特阿拉伯,SAU,3564063,3726889,3896611,4079516,4284137,4515652,4776938,5063466,5363907,5662562,5947940,6215783,6468575,6709890,6946089,7181854,7417723,7651907,7884179,8113941,8340912,8565905,8789823,9012666,9234307,9455087,9674940,9895338,10120074,10354006,10600689,10859788,11130264,11413740,11711992,12025041,12355754,12700554,13045253,13370865,13664443,13919153
苏丹,SDN,6065203,6281072,6507866,6744401,6988940,7240086,7498517,7764485,8035730,8309341,8583829,8855729,9126835,9407090,9710089,10044405,10415694,10817864,11233419,11637930,12014329,12355373,12667538,12964206,13265443,13585671,13929667,14292471,14667144,15042803,15411917,15772857,16129672,16487367,16853223,17232707,17627391,18036252,18459075,18894843,19342803,19803121
塞内加尔,SEN,2443645,2510080,2576402,2644150,2715456,2791902,2873982,2961326,3053468,3149616,3249128,3351828,3457791,3566956,3679294,3794696,3913327,4034866,4158110,4281512,4404050,4525335,4646007,4767386,4891401,5019559,5152400,5289935,5432494,5580277,5733499,5892207,6056694,6227702,6406123,6592433,6787010,6989324,7197887,7410633,7626015,7843481
新加坡,SGP,1106716,1122110,1138212,1152505,1167480,1182585,1240766,1296198,1313146,1338972,1342605,1344352,1368737,1408281,1453984,1514107,1558654,1605754,1645864,1697664,1750442,1824744,1889766,1958505,1977779,2015669,2073773,2095509,2067345,2095969,2148595,2219975,2317674,2447510,2524989,2571724,2626460,2691369,2734397,2769075,2801234,2837180
所罗门群岛,SLB,92990,96600,100218,103880,107596,111399,115281,119242,123245,127260,131271,135264,139259,143285,147390,151627,156005,160511,165148,169891,174725,179641,184655,189783,195070,200523,206164,211965,217878,223846,229825,235811,241787,247755,253694,259622,265510,271366,277194,283021,288855,294697
塞拉利昂,SLE,1528067,1562111,1597743,1634835,1673163,1712582,1752193,1791884,1833162,1878111,1927764,1983847,2044616,2103467,2151460,2182675,2195081,2192138,2180210,2168485,2164217,2168064,2179702,2204019,2246666,2310946,2399942,2510989,2634343,2756420,2867313,2963494,3047406,3122554,3194915,3268922,3345050,3421751,3499147,3577087,3655457,3734561
萨尔瓦多,SLV,2090189,2138794,2186758,2233588,2278716,2321734,2362479,2401137,2438194,2474368,2510213,2545733,2580933,2616330,2652585,2690089,2729115,2769335,2809799,2849173,2886474,2921410,2954166,2984763,3013380,3040179,3065127,3088239,3109899,3130554,3150611,3170205,3189419,3208385,3227242,3246088,3265001,3284057,3303305,3322780,3342507,3362501
圣马力诺,SMR,,,,,,,,,,,,,,,,,,,,,,,,,,,,,,,,,,,,,,,,,,
索马里,SOM,1962147,2152895,2402304,2675916,2925353,3116305,3235432,3294259,3313749,3326364,3355634,3408895,3478425,3555115,3624247,3676152,3707639,3725653,3742626,3775831,3837351,3932137,4055717,4199148,4348940,4495281,4635476,4772577,4909255,5050155,5198621,5355129,5518185,5686887,5859807,6035992,6215311,6398382,6586013,6779294,6979086,7185610
塞尔维亚,SRB,,,,,,,,,,,,,,,,3841449,3847368,3874101,3902017,3921369,3867853,3866414,3858458,3847052,3836547,3827725,3824573,3824453,3819423,3812994,3803197,3788929,3773375,3756598,3740801,3725389,3696180,3678758,3661620,3645186,3627734,3609129
撒哈拉以南非洲地区（不包括高收入）,SSA,168611393,173321700,178207114,183267891,188508610,193927218,199524959,205301259,211250871,217368835,223648144,230086582,236685009,243446240,250375789,257475774,264755857,272213080,279827369,287575980,295440526,303422812,311541065,319824162,328317152,337052131,346042473,355294690,364829736,374667377,384824086,395309289,406127159,417277569,428756619,440560520,452690644,465146025,477911900,490970019,504305706,517912958
南苏丹,SSD,2068708,2122025,2176652,2234156,2296700,2365358,2440487,2520162,2600331,2675521,2741476,2799468,2850052,2887799,2905919,2901195,2869187,2815749,2760545,2730253,2743602,2809049,2920303,3063141,3215932,3362993,3499376,3630124,3761486,3903542,4063076,4241527,4434537,4636257,4838424,5034943,5223873,5406540,5584026,5758618,5932062,6104263
撒哈拉以南非洲地区,SSF,168640671,173351572,178237640,183298628,188539638,193958548,199556674,205333147,211282708,217400867,223680465,230119170,236719102,243480565,250410408,257510612,264791169,272248525,279863513,287613058,295478140,303460997,311579734,319863644,328357469,337092851,346083270,355336794,364871376,374708797,384865545,395351342,406169054,417320022,428798965,440603992,452733155,465189314,477956477,491015759,504352831,517960908
小国,SST,9438510,9600006,9762369,9927752,10103169,10290702,10490516,10702923,10921321,11143430,11370332,11599883,11832141,12063326,12292292,12515816,12737902,12944735,13143226,13345378,13545500,13748677,13956094,14164712,14385179,14607136,14822884,15041244,15262363,15490323,15728704,15977107,16235393,16504352,16779746,17063295,17352905,17653902,17961725,18272397,18583780,18890830
圣多美和普林西比,STP,41515,42723,44093,45523,46893,48103,49124,50003,50786,51562,52400,53307,54271,55290,56363,57495,58688,59944,61230,62508,63744,64923,66062,67209,68439,69794,71299,72926,74657,76446,78273,80115,81991,83892,85833,87809,89819,91859,93937,96045,98190,100368
苏里南,SUR,180827,179950,179530,179471,179527,179557,179526,179570,179905,180841,182566,185164,188541,192436,196520,200523,204367,208094,211685,215181,218603,221925,225124,228199,231174,234064,236870,239591,242271,244946,247643,250376,253138,255932,258737,261542,264350,267152,269948,272706,275412,278070
斯洛伐克共和国,SVK,2406317,2432723,2459391,2485391,2511145,2533042,2552856,2574262,2594743,2614410,2633850,2651956,2668489,2684381,2699043,2712638,2716434,2718982,2730988,2743300,2752770,2759904,2766186,2770990,2774868,2772140,2768092,2768074,2767140,2767283,2768010,2768353,2769144,2771267,2774474,2776335,2778938,2782478,2784230,2785837,2787675,2790806
斯洛文尼亚,SVN,925248,939886,952438,963931,974933,984545,986334,986708,990997,994377,998136,1010155,1022430,1025631,1026810,1028316,1029571,1028691,1026730,1025667,1025501,1023812,1020826,1016757,1015915,1017948,1019357,1021046,1022264,1023031,1023995,1025361,1028316,1026745,1033080,1035302,1035981,1037370,1038454,1039290,1039786,1040122
瑞典,SWE,4119411,4137821,4155635,4170632,4182611,4194068,4202221,4207781,4212624,4218807,4227317,4237755,4251691,4270522,4298242,4330900,4360122,4385547,4410988,4442327,4465461,4472208,4474294,4476116,4478662,4484561,4494970,4507623,4522041,4537042,4551972,4573930,4603869,4635566,4670976,4706949,4738924,4770694,4808080,4852905,4901375,4960220
斯威士兰,SWZ,271427,279864,288693,297835,307238,316871,326528,336283,346700,358525,372212,388100,405763,423964,440986,455612,467284,476403,483986,491540,500133,510233,521382,532670,542724,550650,556118,559666,562334,565662,570713,577859,586783,597107,608189,619534,631072,642931,655049,667383,679882,692474
圣马丁(荷属),SXM,,,,,,,,,,,,,,,,,,,,,,,,,,,,,,,,,,,,,,,,,,
塞舌尔,SYC,29278,29872,30526,30737,31028,31330,31715,31888,31837,32032,32321,32588,34093,34325,34619,34838,35312,35445,36144,37078,37614,38185,38669,39482,40317,40720,40797,42104,41640,41420,41459,42053,41895,42453,42346,43472,42511,43289,44577,45740,47125,47950
阿拉伯叙利亚共和国,SYR,3723828,3853658,3987294,4125808,4270609,4422556,4582112,4748557,4920098,5094227,5269111,5444157,5619749,5796201,5974198,6154287,6335760,6518352,6703624,6893689,7089692,7294309,7506411,7718810,7921682,8109037,8269444,8406299,8545532,8723151,8960363,9277465,9654735,10025416,10297612,10409556,10337619,10113998,9802054,9493706,9258761,9110867
特克斯科斯群岛,TCA,,,,,,,,,,,,,,,,,,,,,,,,,,,,,,,,,,,,,,,,,,
乍得,TCD,2078400,2119699,2159554,2199257,2240671,2285314,2333479,2385200,2441419,2503165,2571131,2646027,2727697,2814949,2906008,2999671,3095656,3194607,3297374,3405183,3519034,3638813,3764441,3896944,4037591,4187085,4346217,4514262,4688526,4865281,5041952,5217267,5392219,5569176,5751676,5942186,6141542,6348698,6562028,6779132,6998240,7218863
东亚与太平洋地区 (IBRD与IDA),TEA,607608176,618406241,628441310,638474958,648669839,658713084,669123283,680691647,692321106,703409522,714813974,726926768,739734561,752673591,765291957,777632337,789462078,800549461,811239951,821865915,832292723,842550283,852703638,862488382,871679631,880337124,888550226,896353207,903799011,911001651,918113501,924973917,931553483,938075032,944580030,951123252,957797147,964660157,971656567,978758259,985843239,993106752
欧洲与中亚地区 (IBRD与IDA),TEC,194198891,196164203,198086490,199954049,201809765,203738692,205711552,207606955,209496496,211499773,213473536,215386613,217254221,219030409,220733143,222007603,222959541,223742566,224427345,224809469,225036599,225210464,225411979,225645132,225777276,225691529,225548493,225457334,225619406,225887401,226183447,226536685,226962000,227576944,228523184,229505715,230610017,231688685,232863264,234024930,235227608,236400276
多哥,TGO,1220361,1247604,1274899,1304101,1337561,1376863,1422763,1474589,1530582,1588207,1645494,1702266,1758819,1814311,1867819,1918886,1966751,2011961,2057087,2105650,2160098,2221551,2289100,2360778,2433603,2505442,2575684,2645135,2714713,2785858,2859646,2936234,3015258,3096657,3180246,3265863,3353558,3443310,3534772,3627480,3721086,3815450
泰国,THA,21117343,21642327,22156412,22661339,23160354,23656010,24145477,24627666,25108756,25597088,26096964,26615206,27145968,27665781,28142665,28555499,28892120,29163980,29402504,29652477,29945352,30292676,30682409,31093649,31494643,31862217,32190930,32487967,32757837,33009054,33248154,33474683,33686665,33887527,34081455,34271291,34459009,34643550,34820879,34985136,35132152,35260770
塔吉克斯坦,TJK,1723558,1771742,1821059,1871839,1924490,1979307,2035896,2094188,2155175,2220176,2289799,2364835,2444082,2523675,2598409,2664622,2721005,2768883,2810523,2849461,2888487,2928176,2968357,3010097,3054539,3102545,3154784,3211470,3272313,3336724,3404261,3474794,3548504,3625528,3706102,3790278,3878014,3968902,4062090,4156506,4251302,4346075
土库曼斯坦,TKM,1288650,1323810,1359557,1395706,1432023,1468346,1504651,1541096,1578014,1615868,1655015,1695186,1736319,1779166,1824734,1873498,1925997,1981361,2037014,2089450,2136194,2176403,2210843,2240649,2267632,2293297,2317930,2341545,2365057,2389522,2415757,2444094,2474706,2508073,2544659,2584696,2628440,2675574,2725028,2775291,2825213,2874369
拉丁美洲与加勒比海地区 (IBRD与IDA),TLA,156025650,159824635,163668197,167557696,171495461,175481402,179516149,183593705,187699279,191813804,195923139,200017584,204098537,208176247,212267094,216381064,220519213,224670827,228819880,232944702,237028182,241068193,245064831,249006713,252881036,256680949,260398017,264039698,267634773,271222671,274831903,278471479,282132659,285803884,289466132,293104067,296714611,300298416,303847673,307353756,310809432,314209623
东帝汶,TLS,327393,322518,313322,302461,293682,289644,291365,297972,307921,318793,328826,337413,345102,352630,361163,371446,384002,398223,412288,423743,430977,432982,430722,426994,425704,429593,439830,455292,473641,491397,506074,516874,524754,531008,537656,546158,556871,569269,582874,596898,610775,624416
中东与北非地区 (IBRD与IDA),TMN,71976655,73925179,75955524,78094203,80373872,82814548,85422388,88180902,91057872,94007965,96992949,100005113,103037236,106052114,109006182,111868961,114619557,117264407,119835298,122380823,124936095,127518498,130118221,132711704,135263068,137751295,140165866,142530349,144899016,147345577,149922534,152647634,155504587,158469050,161501510,164570276,167672719,170810719,173961959,177099813,180205790,183263181
汤加,TON,43110,43580,44131,44703,45219,45640,45939,46144,46279,46382,46471,46567,46653,46749,46822,46906,46990,47072,47161,47258,47367,47468,47583,47725,47925,48197,48560,48993,49465,49937,50370,50767,51130,51445,51729,51982,52197,52365,52540,52757,53032,53397
南亚 (IBRD与IDA),TSA,385726972,394963375,404497857,414311586,424375694,434666283,445172904,455892018,466813607,477928133,489224731,500692250,512316291,524078808,535959612,547940431,560006904,572147404,584350077,596604091,608898261,621218205,633550682,645887064,658220169,670540403,682842480,695111281,707316287,719420105,731395401,743227098,754918061,766481764,777941269,789313612,800599852,811793889,822925927,833987357,844958022,855862740
撒哈拉以南非洲地区 (IBRD与IDA),TSS,168640671,173351572,178237640,183298628,188539638,193958548,199556674,205333147,211282708,217400867,223680465,230119170,236719102,243480565,250410408,257510612,264791169,272248525,279863513,287613058,295478140,303460997,311579734,319863644,328357469,337092851,346083270,355336794,364871376,374708797,384865545,395351342,406169054,417320022,428798965,440603992,452733155,465189314,477956477,491015759,504352831,517960908
特立尼达和多巴哥,TTO,509703,516706,523624,530651,538053,546009,554599,563650,572715,581230,588776,595185,600560,605138,609291,613284,617246,621063,624609,627674,630123,631905,633153,634205,635503,637372,639938,643113,646711,650410,654003,657407,660702,663961,667301,670819,674502,678296,682079,685691,689006,691986
突尼斯,TUN,2810331,2874062,2940180,3010040,3085403,3167303,3256386,3351730,3450765,3549976,3646756,3739845,3829675,3917376,4004864,4093350,4183147,4273188,4361593,4445861,4524173,4596140,4662373,4723367,4780015,4833197,4882926,4929636,4975120,5021654,5070948,5123646,5179591,5238603,5300179,5363832,5429621,5497439,5566404,5635329,5703301,5769883
土耳其,TUR,19762206,20223823,20690506,21165860,21654943,22160620,22684586,23223500,23769048,24309876,24837720,25349759,25847952,26334793,26814770,27291457,27764676,28233933,28702257,29173408,29649972,30133273,30622418,31114931,31607115,32096108,32583452,33070055,33551955,34024012,34483839,34926952,35357702,35793116,36256291,36762717,37316008,37907599,38525175,39150624,39768383,40378395
图瓦卢,TUV,,,,,,,,,,,,,,,,,,,,,,,,,,,,,,,,,,,,,,,,,,
坦桑尼亚,TZA,8106677,8363893,8626735,8896243,9173955,9461031,9758384,10065960,10382988,10708219,11041095,11379804,11725426,12083643,12462151,12865633,13298371,13756699,14227760,14693703,15142498,15569512,15980993,16389303,16812386,17263719,17747068,18260075,18802687,19373114,19969892,20594292,21247255,21926252,22627715,23349002,24089109,24848572,25628191,26429367,27253077,28099514
乌干达,UGA,5442840,5599532,5765489,5939707,6120324,6306305,6497090,6694180,6900997,7122052,7360442,7617569,7892024,8180492,8478161,8781444,9090073,9405006,9725404,10050533,10380333,10714011,11052923,11401981,11767745,12155009,12565900,12999501,13453710,13925020,14410906,14910958,15426322,15957887,16506994,17074596,17660958,18265632,18888040,19527298,20182783,20854313
乌克兰,UKR,26472969,26602767,26719421,26825433,26924795,27020210,27134427,27200283,27274022,27350325,27408387,27471392,27539768,27624619,27725114,27759807,27795222,27858587,27862832,27718316,27497193,27255111,27012652,26780265,26539247,26285392,26035272,25791452,25597962,25421740,25256050,25108928,24984668,24874098,24783679,24698001,24613570,24549634,24485653,24359093,24287707,24201697
中高等收入国家,UMC,784852368,798461292,811352859,824285985,837411329,850461960,863914049,878494747,893128322,907361190,921941353,937213199,953169812,969168359,984734709,999571493,1013582391,1026583261,1039075283,1051445879,1063684520,1075778172,1087817014,1099503042,1110500198,1120815928,1130350001,1139307261,1148072302,1156737611,1165462177,1174130023,1182670075,1191381892,1200416895,1209430865,1218640896,1228160618,1237852530,1247602522,1257210391,1266856443
乌拉圭,URY,1428491,1436473,1447193,1459788,1472906,1485534,1497482,1509056,1520361,1531635,1543078,1554610,1566133,1577718,1589484,1601492,1613678,1625936,1638224,1650489,1662613,1674767,1686782,1697915,1707130,1713809,1717554,1718807,1718695,1718844,1720425,1723848,1728798,1734827,1741157,1747220,1752937,1758489,1763955,1769482,1775153,1780974
美国,USA,109771934,110880498,112077291,113350788,114675212,115822943,116977168,118084774,119144238,120160657,121228156,122374325,123510043,124677136,125885861,127314146,128993474,130735361,132392823,133942111,135465255,136974478,138561200,140117226,141669463,143190463,144552310,145840225,147043924,148361957,149693614,151110004,152526919,153952230,155280807,156540235,157639007,158751054,159802914,160928430,162071376,163204718
乌兹别克斯坦,UZB,7098757,7289072,7487230,7691358,7898402,8106203,8314063,8522932,8734184,8949847,9171214,9398324,9630115,9865324,10102205,10363225,10576175,10814395,11049731,11257330,11454462,11671289,11892141,12086173,12219389,12392126,12552608,12709996,12861331,13012384,13165319,13326293,13515418,13731105,13960929,14356211,14741757,14954928,15184730,15437659,15704387,15975565
圣文森特和格林纳丁斯,VCT,50002,50412,50796,51148,51499,51831,52163,52474,52772,53047,53293,53510,53701,53860,53979,54061,54110,54119,54094,54052,53984,53895,53797,53690,53606,53567,53566,53604,53680,53755,53832,53902,53967,54029,54079,54114,54137,54138,54143,54167,54232,54337
委内瑞拉玻利瓦尔共和国,VEN,6593240,6782960,6977935,7177692,7381347,7588268,7798140,8011191,8227912,8449045,8674934,8905784,9140897,9378701,9617018,9854286,10089855,10323970,10557065,10789946,11023213,11256782,11490390,11724300,11958849,12194217,12430447,12667322,12904427,13141212,13377193,13612212,13846147,14078621,14309221,14537612,14763532,14986923,15207940,15426877,15643911,15859025
英屬維爾京群島,VGB,,,,,,,,,,,,,,,,,,,,,,,,,,,,,,,,,,,,,,,,,,
美属维京群岛,VIR,48155,49211,47886,49458,49712,51547,51632,51653,51668,51666,51651,51621,51608,51617,51670,53200,53690,54242,54788,55263,55597,55804,55989,56106,56156,56183,56125,56079,56054,56029,56052,56074,56163,56318,56432,56500,56530,56518,56462,56396,56330,56245
越南,VNM,24790346,25344844,25901248,26466497,27049566,27656756,28290303,28948073,29626400,30319506,31022559,31732368,32447950,33168823,33895200,34625677,35360477,36094326,36813719,37501305,38144723,38739143,39287823,39796837,40276209,40734157,41173348,41594260,42000775,42396985,42787022,43171668,43554275,43944331,44353480,44789445,45256850,45752283,46265307,46780669,47287005,47780199
瓦努阿图,VUT,46966,48464,49985,51516,53053,54586,56119,57640,59177,60733,62343,63994,65674,67423,69264,71224,73319,75538,77782,79943,81931,83713,85326,86892,88543,90421,92526,94855,97347,99939,102573,105247,107969,110733,113522,116333,119162,121991,124836,127705,130596,133520
世界,WLD,2025516734,2061429789,2097241190,2133644305,2170991157,2208752220,2247536498,2287770190,2328357578,2368788362,2409916548,2452207012,2495484458,2539188389,2582970921,2627447693,2670586293,2712160597,2754041442,2795475473,2837259447,2878275488,2919222550,2959802531,2999737014,3039129080,3078096212,3116783628,3155491966,3194469937,3233756516,3273451565,3313489102,3354247433,3395115113,3436012414,3476351990,3517905922,3560009923,3602469420,3644951716,3687629135
萨摩亚,WSM,74569,75027,75368,75617,75817,76005,76179,76378,76564,76734,76881,76981,77071,77194,77436,77856,78473,79265,80138,80972,81671,82206,82607,82923,83262,83682,84197,84771,85415,86073,86737,87402,88074,88751,89442,90154,90888,91630,92380,93107,93807,94456
科索沃,XKX,,,,,,,,,,,,,,,,,,,,,,,,,,,,,,,,,,,,,,,,,,
也门共和国,YEM,3505973,3610999,3729640,3860218,3999936,4146795,4300881,4463139,4633457,4811786,4998361,5191453,5391473,5603155,5832925,6084551,6360674,6657590,6964948,7268517,7558117,7829940,8087066,8334827,8581697,8834049,9093108,9357323,9627089,9902287,10182876,10469172,10761669,11060625,11366222,11678397,11997299,12322343,12651840,12983529,13315678,13647498
南非,ZAF,13128004,13484173,13843194,14207182,14579383,14961830,15356157,15760918,16171463,16581365,16986482,17382615,17772049,18164849,18575104,19011720,19479018,19970306,20470033,20956482,21413854,21836647,22228821,22595679,22946404,23287947,23622779,23949292,24265897,24569734,24859926,25134739,25398431,25663209,25945201,26255467,26598990,26971263,27362047,27756080,28141908,28516302
赞比亚,ZMB,2498071,2585552,2675184,2767455,2863130,2962630,3066145,3173172,3282570,3392806,3502750,3612261,3721642,3830807,3939788,4048769,4157415,4266190,4377191,4493201,4616153,4747154,4885579,5029486,5175986,5323084,5470411,5619012,5769970,5924930,6085267,6251170,6422784,6601448,6788720,6985738,7193161,7410742,7637441,7871673,8112243,8358882
津巴布韦,ZWE,3069919,3168798,3268747,3372808,3485136,3608497,3743569,3888775,4041721,4198937,4357505,4516764,4676227,4833316,4985046,5129207,5264534,5391164,5510149,5623340,5732167,5837480,5939116,6036506,6128693,6215453,6296890,6374781,6452642,6535007,6625446,6725025,6833822,6953116,7084029,7227111,7383078,7551269,7729043,7912708,8099354,8288086
