Name,Code,1990,1991,1992,1993,1994,1995,1996,1997,1998,1999,2000,2001,2002,2003,2004,2005,2006,2007,2008,2009,2010,2011,2012,2013,2014,2015,2016
阿鲁巴,ABW,37140.02466,38562.96062,38669.3749,39051.99597,39944.11143,39113.47165,38209.19543,39824.29092,39767.78939,39478.49433,41621.23267,39495.5578,37360.47577,37303.33269,39553.37407,39515.8146,39613.76247,40172.3172,40083.20968,35831.20431,34437.49417,35490.18398,34825.20404,36072.73142,36165.61478,35814.26144,35574.61783
阿富汗,AFG,,,,,,,,,,,,,1044.950373,1083.749469,1051.039528,1124.684306,1147.291911,1270.430271,1287.534365,1523.302341,1693.770199,1649.150373,1799.585351,1838.406701,1829.327005,1802.04952,1793.886474
安哥拉,AGO,4634.856841,4538.366674,4136.684168,3042.422055,2985.702419,3330.641724,3675.303916,3836.388351,3908.766824,3882.489994,3881.5566,3915.648083,4301.471102,4276.582918,4578.40161,5081.488828,5469.704874,6017.641547,6455.397306,6282.693748,6356.934991,6346.944372,6648.205057,6735.461021,6818.446016,6650.838253,6264.680082
阿尔巴尼亚,ALB,4558.348595,3228.985019,3014.725114,3324.361083,3622.452465,4129.669137,4533.558231,4063.830777,4450.588166,5056.191286,5442.172335,5948.895901,6237.653024,6607.270093,7000.527022,7425.562377,7913.440175,8450.28358,9154.028831,9524.659119,9927.18654,10207.75352,10369.81534,10492.71975,10700.57319,10970.02479,11355.6616
安道尔共和国,AND,,,,,,,,,,,,,,,,,,,,,,,,,,,
阿拉伯联盟国家,ARB,10385.21576,10141.80085,10470.8275,10518.62182,10561.4601,10523.29768,10766.60399,10988.6779,11393.94237,11421.33017,11771.37393,11732.29261,11554.10255,11810.18453,12615.03068,13025.79409,13505.85405,13782.13527,14234.88732,14027.75427,14356.75262,14446.97175,15058.67173,15176.56393,15201.40395,15365.84436,15569.60199
阿拉伯联合酋长国,ARE,110432.465,105171.4096,102615.1703,98224.51647,99529.78072,100976.9451,101754.2957,104829.0273,100018.1038,97753.82842,102634.9243,98716.97042,95894.91443,97790.1774,98076.53316,91798.25991,88086.35738,78830.27664,71314.66882,60769.86103,57232.61808,58363.67822,59419.08949,61688.3803,63943.18583,66569.40341,67705.94933
阿根廷,ARG,11334.22261,12196.41792,12984.06817,13861.94618,14481.1082,13893.52266,14485.50768,15479.37913,15894.55805,15186.1302,14899.87005,14085.57518,12412.60599,13361.40004,14410.15052,15518.67851,16592.26489,17900.70634,18436.86247,17168.37894,18712.06308,19629.35185,19224.8744,19482.1903,18797.54795,19116.90791,18584.58
亚美尼亚,ARM,3742.437371,3335.601899,1976.529237,1845.319707,1992.019485,2173.36283,2336.516562,2441.181834,2639.949318,2744.430205,2924.74738,3224.141275,3669.44339,4206.975118,4673.984726,5356.614424,6110.226191,7010.627056,7558.361648,6532.964231,6702.848006,7022.103943,7511.132482,7727.929091,7971.117927,8195.933649,8190.239289
美属萨摩亚,ASM,,,,,,,,,,,,,,,,,,,,,,,,,,,
安提瓜和巴布达,ATG,16381.01837,16585.67124,16503.17213,16999.17697,17683.75147,16476.33353,17097.97594,17543.73187,17887.808,18102.20351,18908.49424,17660.52197,17591.34024,18437.5083,19282.22985,20289.7107,22606.84092,24408.18156,24111.37719,20942.30105,19212.7199,18605.31659,19047.20026,18823.76824,19491.19435,20063.20423,20966.46574
澳大利亚,AUS,28658.36589,28185.7529,27969.06612,28815.46298,29646.41927,30412.07805,31179.30787,32055.38506,33174.90765,34443.86618,35377.72955,35578.64207,36553.96461,37183.68457,38225.69371,38928.04076,39445.13292,40680.18963,41331.52797,41266.86638,41464.04007,41894.17305,42771.40125,43151.21871,43599.9757,43987.41877,44530.08594
奥地利,AUT,31341.90238,32098.49154,32411.80246,32314.97087,32964.10161,33791.80147,34539.08559,35222.25938,36443.70926,37666.41162,38844.40471,39186.337,39638.02687,39816.77412,40652.8107,41282.87999,42498.00733,43939.42529,44441.78853,42656.85416,43336.19785,44452.73275,44551.61757,44301.10403,44246.89327,44253.75425,44670.65457
阿塞拜疆,AZE,8513.310693,8323.499345,6345.517,4806.132702,3807.507907,3319.767349,3329.134804,3488.410025,3801.002521,4046.607467,4458.998423,4862.619031,5338.076318,5891.137108,6435.448129,8051.674838,10711.18227,13243.21286,14364.99423,15393.89329,15950.25746,15754.15236,15888.218,16593.18876,16715.10552,16698.86365,16001.3234
布隆迪,BDI,1031.862979,1058.667805,1046.864649,962.7885727,910.1114707,825.3167925,749.3553601,728.8760826,754.3334069,735.703734,715.5237697,712.954886,724.1401955,693.5167945,703.82443,687.1187612,700.5322999,700.5953001,710.2617245,713.3027149,726.0842392,732.2629901,742.1579949,755.9529541,764.7802178,712.7969266,686.6501775
比利时,BEL,30647.82028,31093.85998,31441.97619,31018.13851,31920.55501,32613.4067,33068.39422,34212.48709,34813.86094,35971.84916,37188.64239,37361.71713,37856.86339,37990.71198,39201.52579,39802.97088,40532.27162,41623.44028,41619.33863,40355.57171,41085.9175,41284.15101,41125.24116,41013.99211,41344.63628,41811.41397,42219.55234
贝宁,BEN,1462.677421,1473.862526,1465.570579,1497.74264,1476.539343,1515.06774,1531.642807,1571.169061,1585.785066,1621.900868,1666.467464,1703.01513,1728.696879,1734.6953,1757.902979,1735.97415,1752.95774,1805.622568,1841.188447,1831.881827,1818.778461,1820.894693,1855.953118,1934.649107,2001.077289,1987.14192,2009.618321
布基纳法索,BFA,844.3421676,896.5984778,874.8064446,880.8914925,868.4635323,893.2406808,964.5869206,997.3647514,1040.667438,1086.616198,1075.395337,1114.202253,1129.740538,1183.09488,1200.417062,1266.361537,1305.924877,1338.838375,1393.696993,1392.200194,1423.377706,1472.716482,1521.454295,1562.304708,1582.333697,1596.334581,1642.470189
孟加拉国,BGD,1287.933664,1301.699659,1341.763341,1374.418906,1397.318619,1437.639731,1470.907452,1504.87169,1550.318035,1590.251667,1641.958768,1692.829119,1725.632005,1775.978154,1838.76198,1929.938743,2031.271992,2148.473993,2252.168733,2339.865769,2442.728888,2570.850145,2706.586745,2835.767002,2973.041021,3132.56754,3319.353556
保加利亚,BGR,9296.945055,8596.50681,8057.39719,8001.70337,8174.888939,8446.242031,8549.741129,8508.290712,9109.062968,8390.067864,8833.439772,9350.77886,10123.36273,10730.00351,11507.04555,12419.9192,13374.90738,14463.17214,15442.13986,14984.59486,15283.27972,15676.13848,15772.08445,15938.93884,16324.34283,16999.11198,17792.68398
巴林,BHR,35113.33294,37996.64308,39506.17879,43499.08919,42334.37561,42896.71425,43504.5116,43624.15943,44315.45925,44562.3398,44942.36902,43887.07119,43147.49638,43187.49918,43355.30565,43201.80669,42673.08063,42755.4262,42218.14849,40717.18041,40570.53569,40164.58274,40960.33318,42680.20134,43837.34406,43926.47404,43750.79047
巴哈马,BHS,30991.96834,29152.33566,27508.44527,27081.17517,27455.0334,28221.967,29036.65595,29307.06201,30362.39197,32142.34177,32990.76145,33271.18322,33505.41317,32391.31379,31990.34987,32401.13972,32565.70703,32409.68704,31080.15801,29263.80325,29221.99118,28941.02823,29395.61972,28871.35826,28456.81653,28407.12582,27613.51794
波斯尼亚和黑塞哥维那,BIH,,,,,1471.354961,1825.998651,3508.169576,4749.727226,5493.533431,6007.085306,6324.70823,6594.979918,6936.19511,7207.076814,7642.580716,8311.479852,8766.515353,9293.291309,9824.68929,9573.015701,9720.009538,9901.589965,9929.68776,10284.76486,10516.76568,10932.4459,11337.55537
白俄罗斯,BLR,8366.632185,8262.178507,7452.924869,6871.033192,6074.24098,5460.138402,5631.806271,6300.497987,6862.297386,7125.522961,7574.405006,7973.113516,8428.863243,9085.886223,10195.51081,11230.33144,12429.2352,13560.22848,14995.07764,15058.60445,16260.59268,17166.69564,17472.32493,17644.85441,17933.34272,17219.12065,16763.03611
伯利兹,BLZ,5115.843479,5595.693826,6167.531638,6445.164698,6325.479185,6203.53947,6094.460658,6084.67325,6074.408044,6366.014786,6953.700926,7082.837721,7240.398559,7712.127436,7867.169366,7865.214182,8014.231977,7894.839333,7943.243462,7798.759099,7870.117398,7855.082443,7905.521958,7799.599398,7914.819899,8013.421712,7799.877687
百慕大,BMU,40553.25852,39322.10918,39584.32986,40557.22016,40518.40782,41999.25946,42816.96324,44514.10942,45911.6865,47199.84145,51140.23684,54245.14964,53096.92549,54549.80116,55452.63888,56017.19162,58784.59329,60117.45991,60675.98209,57151.91913,56395.0078,54984.51039,52137.30037,50669.31477,,,
玻利维亚,BOL,3707.24493,3826.432549,3813.526471,3898.646344,4000.832354,4106.168962,4201.558009,4323.761615,4453.294757,4386.792444,4412.255566,4403.716952,4431.306088,4470.309111,4575.172868,4694.916606,4836.432529,4972.49627,5191.131904,5278.038268,5407.47022,5598.508445,5792.933051,6090.69557,6324.827258,6531.519398,6707.956184
巴西,BRA,10317.49824,10292.62915,10073.05782,10370.65322,10747.92529,11043.43367,11108.12605,11304.81581,11168.03123,11052.1672,11370.71941,11369.00712,11560.04813,11542.56935,12058.32158,12299.3795,12644.94944,13271.05749,13806.0065,13653.01398,14539.08486,14973.09847,15118.14226,15430.26577,15370.99295,14700.07571,14098.4364
巴巴多斯,BRB,14153.3882,13552.65526,12562.33359,12672.08408,13105.561,13323.08335,13800.31417,14400.15937,14882.76036,14877.29079,15486.51706,15071.54115,15147.95896,15430.97978,15600.34818,16166.15108,17018.57123,17249.15055,17197.60169,16446.09461,16424.9281,16472.0832,16460.67146,16408.31751,16360.55461,16460.15411,16744.64236
文莱达鲁萨兰国,BRN,84672.3915,84879.79213,86423.28356,84290.36664,84607.17457,86116.01773,86411.96446,83138.22352,80813.33691,81476.15172,82049.58086,82596.77622,84125.44059,84970.73553,83942.21941,82967.11276,85424.55836,84503.53876,81905.65813,79512.75501,80552.86447,82434.88309,81993.93208,79070.24593,76089.28657,74600.1643,71788.78323
不丹,BTN,2325.241884,2315.740538,2448.530372,2537.303845,2697.03839,2896.949919,3032.228139,3137.937414,3241.365254,3403.551845,3538.773616,3723.981551,4009.251956,4198.587428,4329.159846,4521.985678,4719.665364,5446.362486,5592.162848,5851.678019,6419.675599,6805.878456,7032.74666,7070.792468,7366.424126,7746.760529,8259.342231
博茨瓦纳,BWA,7939.286945,8297.689954,8310.371825,8249.409094,8337.129566,8715.85175,9022.900391,9573.746638,9431.975128,10159.79247,10191.00704,10061.71738,10522.41105,10860.37564,11001.85681,11338.78049,12102.03598,12897.14561,13477.78707,12235.63411,13052.80902,13596.16709,13943.89469,15239.73822,15578.82512,15032.69833,15395.27584
中非共和国,CAF,925.0538529,897.1031407,817.4585969,798.1771936,815.1365735,851.6480711,797.8179864,820.6385925,840.0841927,851.5964989,813.0415579,832.2279245,845.6846565,785.159427,817.1706459,810.0349482,833.7663895,857.0792965,860.6778285,863.692983,881.1445508,904.6104858,938.8237795,593.0559545,597.135169,621.5698429,642.873494
加拿大,CAN,31299.65457,30220.36078,30115.28124,30578.44562,31646.81026,32226.22694,32394.57787,33425.81513,34424.05206,35903.15453,37431.91698,37712.12824,38500.31708,38805.67111,39604.35486,40471.26053,41203.3504,41647.38781,41611.25081,39924.1959,40699.35513,41565.27122,41794.53892,42339.37888,43079.14252,43149.47584,43238.2596
中歐和波羅的海,CEB,12246.33534,11073.86523,10866.13399,11044.75563,11501.01553,12182.6396,12730.31546,13109.10902,13492.86156,13757.00382,14388.04544,14944.7835,15577.47303,16330.41165,17310.09292,18203.17048,19455.29969,20779.82781,21685.13828,20983.77464,21387.89337,22133.68247,22374.68455,22753.11765,23502.86809,24455.04057,25307.19199
瑞士,CHE,48181.75578,47147.53929,46610.1898,46129.44181,46344.26035,46256.97059,46301.83304,47271.35553,48540.27293,49128.03357,50775.97634,51117.88744,50815.15316,50459.50291,51505.09237,52770.46893,54531.9937,56269.1565,56755.83813,54805.57929,55866.30507,56183.83259,56149.67086,56535.74005,57218.02793,57324.67907,57610.00846
海峡群岛,CHI,,,,,,,,,,,,,,,,,,,,,,,,,,,
智利,CHL,8991.846477,9538.654631,10437.98489,10956.11456,11336.78427,12172.25856,12819.8977,13587.50678,13991.42305,13758.91443,14315.42606,14613.80387,14895.54019,15332.29703,16258.38895,17007.57982,17890.59972,18572.56839,19031.61643,18547.46153,19442.05032,20437.70453,21330.23991,21998.30715,22195.27437,22516.60786,22614.39367
中国,CHN,1526.408699,1645.666366,1856.722181,2090.03841,2336.277721,2564.071317,2789.2528,3015.699631,3221.002621,3438.074685,3700.743648,3980.364498,4314.791343,4718.326346,5164.641095,5719.455366,6411.042544,7285.274415,7947.787952,8651.725901,9525.818483,10384.3666,11145.75158,11951.24796,12758.64779,13569.89153,14400.88506
科特迪瓦,CIV,3193.758531,3083.890945,2970.47508,2864.708804,2793.440697,2898.400745,3027.80288,3049.486821,3111.50077,3081.198619,2947.606573,2889.94571,2788.347363,2701.769483,2686.665668,2682.448861,2670.229356,2662.331114,2672.337082,2698.554349,2690.258002,2511.420195,2712.378026,2879.850217,3054.534874,3241.612056,3413.255786
喀麦隆,CMR,3020.491911,2822.219192,2657.992144,2380.037889,2365.552395,2383.748573,2424.402695,2487.663546,2535.558413,2578.98146,2603.771592,2648.546705,2689.891737,2739.685104,2848.654228,2829.19069,2848.724658,2907.826607,2927.844648,2911.296669,2929.829113,2969.047575,3021.20597,3100.17131,3196.361526,3289.064546,3353.163046
刚果（金）,COD,1386.830748,1224.064884,1053.550567,876.7283688,812.4086094,792.0938246,762.4551086,702.2305165,675.2589798,631.5219396,573.1708503,545.8516038,545.6887703,558.7015428,577.8607385,594.0770303,605.8631667,623.1286665,640.4783066,637.2751488,660.2109558,682.4321554,706.7979638,741.6184302,785.3473407,812.4033701,805.0642641
刚果（布）,COG,5140.416146,5122.260941,5114.784771,4928.001902,4530.730304,4582.106819,4645.978468,4487.209498,4523.627153,4283.324088,4480.147677,4524.171563,4604.574502,4515.665444,4539.273904,4742.93598,4875.937296,4637.212916,4730.033797,4918.072012,5186.344788,5213.946921,5271.16806,5317.086292,5538.052941,5542.892982,5250.867608
哥伦比亚,COL,7465.368522,7474.087745,7636.027245,7905.748913,8222.690827,8507.588842,8543.965942,8700.676407,8618.966465,8135.277641,8252.055713,8270.776103,8358.864891,8566.936114,8902.997487,9201.103287,9701.592372,10240.14411,10449.57621,10455.70018,10791.01068,11463.53505,11790.32539,12208.59158,12665.7489,12922.04279,13060.63525
科摩罗,COM,2580.500555,2370.551682,2498.64974,2500.284242,2301.732357,2319.027785,2227.080463,2255.327186,2224.719775,2209.807403,2388.511995,2384.738095,2381.945354,2374.794373,2363.575734,2373.420815,2378.692957,2340.94004,2376.756482,2394.43982,2426.182496,2465.324918,2483.420216,2533.460881,2525.742739,2494.27416,2490.620448
佛得角,CPV,1656.907503,1641.516851,1774.627171,1877.285579,2177.550633,2423.288843,2632.979451,2858.333471,3145.619747,3425.087925,3835.238606,3844.508364,3971.288249,4064.843649,4407.340031,4643.455384,4949.2259,5633.93311,5944.038825,5806.646232,5828.241588,5991.77849,5986.939054,5963.907977,5928.199025,5915.122632,6117.1767
哥斯达黎加,CRI,7803.063354,7779.697194,8281.790829,8647.010835,8811.67171,8952.103478,8846.703251,9120.947934,9536.71806,9703.259226,9878.288658,10040.57411,10201.58769,10473.91637,10768.74136,11025.47679,11656.21431,12433.2016,12834.93616,12543.9779,12999.99219,13397.23054,13878.0474,14035.28798,14372.40078,14738.61337,15208.08291
加勒比小国,CSS,9365.916977,9484.584422,9413.466369,9607.84667,9789.970574,10000.38356,10255.5114,10503.5545,10730.92675,11092.9635,11437.3922,11612.50245,11989.14858,12703.00031,13171.21942,13577.42419,14483.96757,14886.04903,15025.56386,14410.1854,14547.75576,14616.7587,14707.48222,14764.54563,14774.93188,14847.38854,14446.3044
古巴,CUB,,,,,,,,,,,,,,,,,,,,,,,,,,,
库拉索,CUW,,,,,,,,,,,,,,,,,,,,,,27907.86617,,,,,
开曼群岛,CYM,,,,,,,,,65182.13176,63897.02463,61627.0992,59665.32407,58750.92877,58246.43766,57191.39381,59251.51081,60231.64835,60384.0825,58527.81389,52959.66132,50381.67008,50004.90187,49789.12519,49693.51481,50322.09537,51065.15272,52172.83515
塞浦路斯,CYP,22471.85809,22059.5573,23499.56879,23099.4586,23961.57684,25523.71801,25433.75031,25738.0087,26978.00835,28011.15372,29368.06122,30201.55539,30968.99073,31397.47876,32537.46323,33628.68932,34631.25885,35630.05078,36013.61919,34353.16324,33913.29515,33192.3369,31749.56156,29977.91369,29912.19003,30673.30252,32002.23422
捷克共和国,CZE,20023.13599,17739.9967,17632.09962,17624.68478,18130.89102,19270.69939,20107.85346,20009.83181,19962.96129,20269.69866,21193.90171,21892.48253,22297.22475,23107.20388,24233.59699,25781.20471,27473.62712,28844.06719,29373.10923,27803.58716,28352.9494,28797.41796,28527.13873,28379.74612,29119.61661,30605.42052,31295.25952
德国,DEU,31287.06981,32646.56184,33022.57555,32492.51853,33175.70858,33653.12964,33830.30566,34405.51921,35081.30421,35755.29931,36764.56293,37325.05255,37262.35129,36977.34601,37418.0925,37703.93294,39143.16624,40473.52745,40989.44311,38784.45248,40428.72103,42692.51976,42822.0994,42914.47611,43666.76515,44043.17794,44668.6963
吉布提,DJI,,,,,,,,,,,,,,,,,,,,,,2705.405589,,,,,
多米尼克,DMA,6610.660854,6707.615604,6831.435953,6955.618803,6942.093301,7152.951564,7398.161932,7601.718453,7940.557849,8012.846206,8227.023419,8222.564731,7972.336147,8446.310104,8668.610764,8694.858304,9076.79771,9634.058901,10302.07034,10159.40525,10197.5237,10135.27403,9982.586502,9873.135787,10252.92694,9938.984777,10136.86158
丹麦,DNK,33785.65014,34167.71928,34721.38178,34609.58309,36332.21734,37237.72328,38101.40552,39180.68656,39904.59561,40945.27924,42337.71437,42533.53926,42595.58722,42645.58313,43670.4453,44567.93131,46159.91374,46373.51666,45865.79596,43382.62546,43998.43667,44403.39415,44336.81246,44564.45216,45057.07417,45787.98787,46522.27731
多米尼加共和国,DOM,5477.061465,5421.621565,5914.579688,6230.928137,6276.20558,6515.903229,6787.852738,7269.326961,7633.154969,7959.225317,8200.378427,8272.127247,8511.690706,8270.293527,8356.82634,9011.512148,9697.823176,10271.22129,10455.48321,10412.601,11132.55269,11333.54709,11494.94971,11907.20486,12663.04225,13395.9168,14120.21164
阿尔及利亚,DZA,10236.84066,9869.48837,9815.463823,9400.054424,9126.271624,9295.420114,9509.687657,9461.355117,9796.739936,9968.967712,10211.00186,10382.18684,10826.48765,11459.89356,11797.18485,12322.48426,12348.48121,12570.6547,12660.40324,12647.5403,12870.6027,12990.34502,13161.96167,13253.61548,13483.33786,13724.72385,13921.18002
东亚与太平洋地区（不包括高收入）,EAP,2226.47406,2362.186474,2568.849118,2799.367797,3047.157492,3297.015598,3543.272026,3736.662348,3726.899546,3903.696909,4149.551323,4377.70586,4671.426141,5026.745882,5422.079253,5886.665663,6451.26518,7158.065921,7690.444014,8201.57184,8925.165892,9592.579481,10232.01814,10878.289,11517.64345,12169.40813,12838.24486
早人口紅利,EAR,4442.059309,4551.841271,4644.604111,4700.335922,4759.66154,4827.088484,5005.851478,5125.567291,5127.922449,5159.340778,5294.895089,5287.748891,5316.722224,5516.441885,5784.085555,6045.911675,6320.252724,6600.240148,6731.830102,6756.641544,7081.333828,7307.857393,7513.979333,7741.094903,7982.918612,8265.942497,8594.223972
东亚与太平洋地区,EAS,4964.640112,5163.586674,5371.736562,5588.80137,5864.315468,6174.457988,6487.134081,6709.923202,6635.901627,6845.625123,7178.926801,7386.659351,7698.357846,8069.682726,8527.482289,9023.103041,9613.97537,10350.28841,10813.73709,11132.19737,11964.94786,12610.4282,13242.84176,13897.4291,14518.3666,15143.53982,15788.50714
欧洲与中亚地区（不包括高收入）,ECA,13647.93221,12835.48304,11372.0584,10624.17818,9443.228195,9250.884164,9197.244728,9406.940885,9228.434278,9451.447342,10209.821,10550.99956,11132.33094,11898.72048,12868.23061,13758.58141,14872.82294,16018.56824,16713.09794,15645.35682,16341.27478,17267.38006,17787.99053,18339.59625,18595.38324,18510.30517,18660.66691
欧洲与中亚地区,ECS,20554.5935,20328.20148,19770.99207,19367.07896,19204.30022,19487.56524,19750.47989,20294.53492,20672.15348,21241.21184,22219.31223,22727.25972,23187.14328,23717.74449,24569.76299,25314.06221,26395.07361,27452.3561,27783.31993,26380.31678,27058.42574,27793.58379,27889.69482,28110.17377,28501.53476,28846.05902,29241.18865
厄瓜多尔,ECU,7472.025128,7611.733255,7595.025335,7571.244874,7720.724316,7726.192086,7696.583402,7867.057933,7964.486069,7443.335645,7387.615879,7550.257275,7727.717349,7808.192201,8311.701354,8607.765409,8837.380686,8879.636854,9285.864407,9183.552558,9352.344237,9926.903441,10322.1789,10665.46258,10901.41856,10749.12887,10461.33292
阿拉伯埃及共和国,EGY,5766.608625,5698.48637,5826.129586,5873.806902,5987.948956,6146.090807,6331.558753,6556.362597,6795.865984,7076.119353,7389.121952,7508.465166,7543.560247,7638.011193,7802.909962,8003.590837,8400.260153,8839.781235,9306.621975,9563.065462,9858.923402,9823.823287,9823.437925,9815.229025,9880.823049,10096.65622,10325.17087
欧洲货币联盟,EMU,28105.9529,28755.69717,29024.76111,28710.39466,29332.37515,29985.82813,30430.943,31191.08644,32050.45946,32910.43731,34068.59624,34683.8184,34882.84684,34967.90396,35592.03431,36029.01306,37040.43568,37994.67947,37980.21424,36121.32607,36800.18239,37459.02885,37036.97062,36809.6403,37198.58146,37863.71858,38485.98315
厄立特里亚,ERI,,,1110.990526,1268.41711,1544.372512,1586.092241,1718.365625,1827.888351,1824.01317,1781.147653,1679.147143,1771.687338,1765.60398,1661.879354,1633.415639,1628.869863,1574.352158,1563.488302,1384.103605,1411.841397,1416.365802,1510.458929,,,,,
西班牙,ESP,23758.7281,24301.69219,24407.67554,24030.97766,24486.82293,25051.23368,25614.3895,26448.37866,27473.30696,28589.30859,29967.13145,30950.57323,31395.27602,31815.42134,32261.44449,32901.98773,33700.85211,34329.647,34163.94639,32652.51218,32507.09397,32068.27093,31109.18746,30678.9173,31195.40524,32357.47404,33356.22339
爱沙尼亚,EST,,,,,,11361.84624,12144.59509,13733.28481,14436.72895,14270.99834,15703.02747,16803.51868,17937.83198,19389.44231,20733.53808,22807.18275,25298.64605,27383.46956,25968.97281,22187.9264,22740.972,24543.06747,25691.99964,26282.90884,27113.12011,27610.24195,28565.27291
埃塞俄比亚,ETH,651.9530906,584.3418124,514.7901554,561.936987,560.0059351,574.8370983,626.1078844,626.4422652,587.2724942,599.9521059,618.2422187,650.4534964,641.5270259,609.9424178,673.4260045,732.3804985,789.8703702,856.99484,924.518762,979.6225122,1073.826295,1162.783317,1230.575484,1325.755137,1424.526984,1533.107632,1608.293476
欧洲联盟,EUU,24863.11344,25066.1987,25222.70013,25117.00279,25769.25923,26440.25952,26943.13904,27669.66421,28444.68548,29222.64702,30308.03761,30945.82199,31319.55455,31663.12479,32393.42516,32986.29266,34018.41559,34990.28921,35101.7289,33494.20533,34135.19928,34760.82356,34551.53665,34547.94237,35075.11186,35815.00893,36467.39575
脆弱和受衝突影響的情況下,FCS,2812.982802,2145.913741,2238.35302,2337.236599,2349.795126,2373.031577,2485.536375,2636.183108,2914.027891,3074.471503,3069.839441,3088.157664,2998.277596,2762.323348,3107.310499,3239.73706,3388.406271,3484.910262,3592.639497,3676.190476,3827.207383,3562.30568,3908.324201,3981.853887,3933.878143,3926.033749,4034.883006
芬兰,FIN,28905.57032,27047.8399,26002.07995,25686.51002,26583.53333,27596.41289,28512.4344,30205.02044,31760.2768,33094.83843,34887.1788,35706.15333,36218.24016,36852.44392,38188.25109,39115.76479,40546.08073,42467.261,42574.64114,38867.79945,39848.1345,40683.52758,39912.94136,39428.31206,39017.53721,39083.93476,40052.02862
斐济,FJI,5891.290081,5678.875631,5951.983191,5994.266403,6212.418935,6287.005516,6513.375984,6302.722022,6325.183922,6829.074678,6673.847391,6782.284404,6986.677956,7048.447941,7406.361842,7426.778763,7513.217106,7383.264069,7384.086057,7208.005111,7352.08836,7488.829381,7537.926213,7839.874778,8222.253784,8477.64473,8447.264179
法国,FRA,29482.08147,29764.77582,30090.9174,29777.26205,30362.42455,30883.73753,31201.72944,31818.26141,32828.5542,33772.86127,34842.15122,35265.52948,35401.56945,35439.61561,36159.88087,36465.31382,37071.97413,37713.37225,37576.4373,36284.02814,36814.92114,37440.64149,37376.54682,37398.94142,37575.81635,37835.80708,38126.36157
法罗群岛,FRO,,,,,,,,,,,,,,,,,,,,,,,,,,,
密克罗尼西亚联邦,FSM,2721.056867,2850.138504,2887.963474,3047.310307,2970.348196,3136.437906,3016.744082,2829.629773,2920.371435,2972.370821,3119.115444,3181.519429,3206.050234,3273.576579,3178.199972,3255.204632,3266.699213,3221.063128,3167.71663,3220.976301,3297.656934,3412.906554,3343.876355,3208.682874,3130.05445,3271.267021,3278.344401
加蓬,GAB,19500.71994,20142.48211,19006.08947,19242.3443,19444.7934,19895.6245,20101.29705,20727.65792,20919.28798,18581.84257,17782.5078,17714.18638,17231.19017,17170.89597,16832.30177,16803.36552,15860.20731,16312.40201,15287.97991,14822.23046,15355.79019,15893.51531,16159.491,16502.79672,16678.51854,16836.60464,16758.00402
英国,GBR,26803.69302,26430.59671,26457.79396,27061.40622,28039.92241,28656.52357,29309.2894,30414.43696,31277.50625,32176.16123,33236.17173,33950.78905,34638.31026,35624.08187,36259.51341,37126.34934,37759.59835,38349.70016,37869.26297,36009.98042,36508.78017,36820.32172,37094.31263,37600.79928,38418.58645,39009.73489,39425.19588
格鲁吉亚,GEO,7984.410266,6255.538316,3420.208873,2399.57444,2183.37297,2325.920271,2682.023258,3060.763125,3234.852286,3396.840299,3527.214454,3754.504975,3995.711809,4467.632907,4755.93672,5245.166246,5772.019714,6532.05492,6710.361264,6523.107041,6981.506307,7545.966304,8084.500417,8383.520138,8767.000652,9005.325336,9256.346169
加纳,GHA,1919.601511,1965.727718,1985.952862,2025.608251,2036.876143,2066.197615,2107.827044,2143.494406,2191.031352,2232.828444,2259.063142,2291.016296,2333.681984,2392.325987,2461.322274,2539.329254,2632.027828,2675.443544,2845.234552,2907.546933,3059.383626,3404.459566,3632.44568,3807.342653,3828.107998,3823.533941,3867.872502
直布罗陀,GIB,,,,,,,,,,,,,,,,,,,,,,,,,,,
几内亚,GIN,1411.948932,1373.106689,1337.349382,1325.499315,1308.515265,1311.962161,1326.448791,1360.804882,1382.975383,1410.730562,1420.633263,1445.915445,1492.932159,1483.564859,1489.423997,1504.031204,1490.720866,1558.541563,1587.415302,1534.971631,1573.544969,1625.560285,1684.153853,1711.709007,1734.73676,1758.315608,1894.441313
冈比亚,GMB,1506.404687,1499.742164,1502.582414,1503.878969,1464.840365,1437.018694,1428.138718,1456.33983,1464.758279,1513.555465,1549.585721,1589.585991,1490.01167,1541.994706,1598.325762,1533.249642,1501.800772,1507.698583,1544.52974,1593.016555,1644.242366,1524.768774,1560.330276,1584.753591,1521.945219,1562.584737,1522.042666
几内亚比绍共和国,GNB,1573.87189,1614.466679,1592.840762,1587.792282,1601.854753,1637.656386,1793.032334,1876.126545,1326.240169,1316.926217,1363.340995,1366.492649,1325.822659,1305.426386,1312.522899,1338.295521,1338.349987,1350.202744,1360.632824,1372.54239,1400.363293,1475.38909,1412.954212,1421.34057,1398.254807,1446.489402,1498.839838
赤道几内亚,GNQ,999.5045346,958.3529011,1250.128517,1342.452899,1513.077871,1715.227531,2752.926121,6620.818906,7876.198479,9507.224158,10792.73302,16932.00272,19418.69467,21230.11107,28076.34898,31372.08279,32300.73714,35570.72507,40015.81919,38738.15203,33723.3658,34363.15291,35632.04564,32736.09538,31542.5102,27547.83982,24245.95902
希腊,GRC,20686.13676,21072.93327,21058.96205,20600.47676,20907.53901,21247.0409,21759.06123,22622.91379,23374.15277,24000.13589,24839.07591,25731.20927,26642.76896,28119.40736,29469.5266,29559.28139,31136.44696,32073.9604,31881.71235,30430.41942,28726.07928,26141.31959,24364.26906,23746.08457,24081.63054,24134.68441,24188.99494
格林纳达,GRD,7241.638317,7328.958198,7210.955997,6990.095607,7029.815515,7118.643043,7394.681656,7740.526676,8634.34264,9217.869529,9651.594098,9434.900939,9735.217222,10627.92993,10530.21591,11893.95057,11384.78132,12043.78264,12117.66092,11276.57432,11178.08712,11220.93298,11048.62422,11262.72398,12038.60219,12758.72611,13174.41816
格陵兰,GRL,,,,,,,,,,,,,,,,,,,,,,,,,,,
危地马拉,GTM,5100.773488,5165.014792,5289.269707,5369.693865,5458.005194,5598.113779,5634.749603,5750.507247,5904.327573,5994.864186,6070.713271,6069.470853,6157.559001,6166.105513,6213.122909,6269.148573,6457.993667,6713.138937,6781.887294,6670.012181,6714.048887,6844.487416,6899.089194,7005.034661,7147.421235,7292.710948,7368.601695
关岛,GUM,,,,,,,,,,,,,,,,,,,,,,,,,,,
圭亚那,GUY,2875.309481,3045.476638,3264.87488,3506.704958,3781.530888,3956.411112,4267.968544,4539.8078,4478.643748,4627.544043,4576.412539,4687.191501,4742.669315,4712.854191,4787.83814,4698.842905,4948.738748,5308.387779,5424.59491,5621.963083,5847.857028,6130.837378,6420.114512,6696.783455,6906.012041,7076.934744,7266.335003
高收入国家,HIC,28461.47973,28740.32743,29234.43201,29434.31549,30198.73308,30803.17296,31541.76586,32449.45719,33129.52466,33976.169,35150.85032,35401.17819,35678.31279,36308.78058,37355.29303,38208.66071,39164.17902,39967.82881,39875.89713,38280.57313,39286.93452,39964.45137,40274.06792,40642.5966,41232.47799,41979.59519,42456.89475
中国香港特别行政区,HKG,26974.16489,28276.77092,29788.63609,31097.0888,32239.85749,32358.04542,32271.38367,33635.9385,31394.06894,31875.11733,34016.64226,33956.26233,34366.2671,35486.59273,38274.26017,40922.88508,43520.46272,45937.39283,46635.08799,45390.45286,48107.70863,50085.95933,50378.33792,51732.44253,52789.42536,53591.83582,54412.92494
洪都拉斯,HND,3207.604152,3013.192782,3106.13506,3215.400652,3132.951732,3235.704867,3207.033608,3264.896228,3293.003593,3183.838023,3328.510589,3332.932069,3372.357245,3440.154359,3568.148416,3697.169854,3852.213734,4002.205166,4084.298699,3904.459519,3971.182994,4046.076252,4136.822058,4177.580271,4231.325067,4319.470118,4406.773532
重债穷国 (HIPC),HPC,1506.872557,1473.840167,1420.422134,1391.974942,1354.39047,1380.044931,1414.271951,1434.524029,1444.373918,1450.756499,1451.524704,1473.992562,1481.367898,1504.697512,1544.386875,1594.103723,1646.760136,1708.59223,1763.325966,1790.318072,1845.50451,1879.263539,1933.163903,1991.258904,2045.581084,2088.680513,2126.502317
克罗地亚,HRV,,,,,,12753.57535,13689.1524,14670.25392,14952.5793,14876.83183,15591.11616,16762.08464,17632.27447,18611.06534,19334.21023,20102.86652,21076.47894,22194.9365,22649.61813,21020.20228,20757.62164,20758.55448,20343.05912,20299.47961,20364.49953,21025.93055,21922.00095
海地,HTI,2095.26616,2092.331445,1942.71998,1802.235756,1557.041342,1679.446399,1716.986941,1731.601607,1737.987876,1754.099344,1739.39252,1692.838451,1661.409393,1641.109794,1558.532235,1561.960451,1572.302435,1599.802401,1588.677968,1613.087962,1502.032711,1562.278874,1584.832466,1629.358918,1652.854803,1651.228445,1654.170537
匈牙利,HUN,,15148.92086,14690.47883,14622.51109,15074.07885,15319.92465,15348.43478,15893.08341,16604.88144,17182.66465,17952.48767,18684.76468,19586.54292,20398.69952,21467.12178,22453.75667,23354.8287,23492.73216,23735.23896,22203.08726,22405.1779,22841.21034,22584.9144,23121.34306,24163.14254,25077.23063,25724.99683
只有IBRD,IBD,4934.696056,4890.484814,4862.910353,4928.918453,4983.623658,5109.151824,5301.777977,5488.71914,5529.602694,5670.970566,5922.876908,6067.905787,6265.538295,6558.284283,6989.858952,7403.093908,7917.553969,8509.816633,8888.832757,9025.407182,9598.946843,10072.42636,10487.05156,10911.40128,11303.78007,11669.20003,12114.69874
IBRD与IDA,IBT,4367.23319,4322.935907,4293.520667,4333.995301,4365.647181,4463.602343,4619.283237,4763.958207,4792.856453,4901.102067,5099.359986,5213.566153,5373.226887,5605.641646,5953.795194,6286.451583,6695.29625,7163.431297,7458.13785,7565.216898,8011.663388,8372.607844,8687.389708,9017.42098,9320.02528,9591.215855,9914.738829
IDA總,IDA,2062.593622,2044.402108,2035.694239,1998.831682,1965.659265,1984.937758,2028.256624,2041.093118,2057.575481,2074.264253,2109.35044,2150.925955,2216.045365,2276.567819,2377.881802,2480.66424,2580.018065,2685.193656,2759.790545,2834.812017,2933.949009,2995.793191,3065.836762,3177.179561,3281.978376,3347.126767,3386.943937
IDA混合,IDB,3114.461004,3099.0384,3126.134559,3042.352201,3002.574122,3003.816243,3063.586236,3050.513816,3058.512116,3057.439841,3104.721549,3146.291781,3289.750387,3378.402124,3559.766281,3714.257285,3852.574481,3984.946626,4049.547731,4162.387662,4285.685052,4381.910397,4471.651197,4615.701755,4764.108092,4844.657664,4849.053878
印度尼西亚,IDN,4625.37726,4859.926323,5088.868858,5331.065663,5642.402865,6012.811027,6387.013857,6591.199095,5645.574397,5611.217416,5805.808706,5934.13705,6115.567871,6319.670417,6546.494324,6824.606311,7102.11454,7450.602158,7792.629931,8044.97033,8433.497357,8837.820122,9251.175537,9643.27483,10003.08903,10367.70199,10766.34988
只有IDA,IDX,1506.9537,1487.176143,1458.214908,1448.984959,1420.237269,1451.582459,1487.674895,1516.561629,1539.109703,1567.389841,1597.633155,1641.630792,1665.927421,1713.727743,1774.557623,1852.185476,1932.995568,2025.77034,2107.285895,2162.883968,2249.617875,2296.296808,2356.074168,2450.660036,2532.678588,2589.800531,2648.94765
马恩岛,IMN,,,,,,,,,,,,,,,,,,,,,,,,,,,
印度,IND,1912.607811,1893.815552,1958.029149,2011.016214,2103.617899,2219.890892,2342.579754,2392.210333,2493.728746,2665.608501,2719.335411,2801.492959,2859.150938,3033.178696,3220.858889,3421.425708,3640.393083,3860.460457,3921.56094,4170.221262,4463.16815,4635.879137,4827.559656,5073.605489,5385.141814,5748.245788,6146.864296
未分类国家,INX,,,,,,,,,,,,,,,,,,,,,,,,,,,
爱尔兰,IRL,21184.55801,21469.55369,22036.48033,22517.00576,23719.36235,25871.60285,27672.15698,30215.08257,32443.24591,35485.72813,38363.30147,39948.63522,41759.43281,42366.3436,44378.10186,46029.76454,47279.38224,48324.5964,45485.73597,42942.83777,43514.76049,44937.55696,44829.26868,45190.02196,48808.88227,60494.04774,62798.33308
伊朗伊斯兰共和国,IRN,11392.56363,12546.8602,12706.50171,12679.66986,12334.55194,12438.9701,12868.45557,12698.01137,12732.91605,12612.48345,13135.47202,13047.44756,13812.83121,14838.30032,15308.45479,15616.25466,16211.47406,17338.12648,17187.28763,17162.05336,17942.83284,18192.1056,16625.91922,16383.26035,16924.20068,16500.90051,18497.67701
伊拉克,IRQ,11521.73054,4033.031107,5198.14861,6575.402561,6624.892218,6560.741918,7061.035635,8296.622773,10845.23691,12368.64283,12176.81465,12105.02473,10959.01575,7134.574829,10710.55506,10895.4632,11703.47332,11575.28738,12217.44846,12299.40046,12717.59753,13261.60145,14625.97401,15223.58271,14838.38295,14738.85859,16171.77066
冰岛,ISL,,,,,,,29171.31677,30410.06886,32197.78676,33049.65232,34100.80832,34972.14307,34852.18459,35427.36544,37953.20136,39744.4929,40770.17888,43499.49055,43406.38481,40444.43989,40136.73715,40767.23641,41076.60612,42371.95996,42774.88885,44222.82686,46819.4337
以色列,ISR,20456.14087,20749.76427,21600.35506,21899.67017,22925.00364,23795.25212,24412.63571,24682.05525,25129.15999,25383.1255,26740.69052,26124.35819,25644.89556,25379.34626,26074.12029,26677.41467,27575.70769,28654.32965,28990.98423,28697.33666,29665.31539,30568.95896,30644.85235,31324.92367,31927.16092,32104.41912,32742.9202
意大利,ITA,31141.90286,31599.12068,31841.10915,31550.27191,32222.36069,33152.04099,33569.06299,34167.09526,34709.27281,35244.75654,36535.81877,37162.42334,37199.35237,37090.40522,37434.10009,37604.36062,38243.80633,38612.01165,37954.16066,35710.42,36201.16157,36347.34248,35227.62483,34219.83278,33945.84388,34292.53482,34744.33519
牙买加,JAM,7288.018537,7579.825754,7660.115151,8302.604471,8336.179498,8450.06203,8359.562143,8184.886662,7918.685291,7930.2366,7933.731222,7979.922565,8083.637579,8327.288933,8387.224035,8413.179406,8608.142784,8683.627143,8567.898799,8155.533883,7999.188393,8101.911276,8019.500042,8029.337849,8055.55103,8100.571374,8185.56094
约旦,JOR,6283.255604,6069.134513,6812.149004,6751.223008,6754.880414,6895.206587,6825.007646,6881.670401,6950.139348,7062.437155,7234.964751,7483.647731,7775.790134,7935.330953,8399.124065,8799.589956,9158.945771,9493.477498,9714.782337,9749.143628,9472.768326,9214.206624,8964.263431,8756.710839,8622.185468,8491.050311,8389.604574
日本,JPN,30582.42797,31529.57554,31718.1343,31476.07477,31680.53793,32425.22995,33345.87683,33624.48056,33154.84458,33010.98092,33871.85822,33927.64363,33888.78348,34333.13367,35078.26199,35658.14867,36141.58524,36697.2409,36278.36947,34317.67082,35749.75668,35774.69671,36367.59706,37148.60275,37337.31741,37882.98062,38282.50467
哈萨克斯坦,KAZ,13050.4865,11542.5625,10938.39019,9998.154353,8866.092277,8282.94719,8451.398816,8731.950125,8715.184514,9036.156102,9951.563905,11314.25077,12422.53484,13532.2312,14728.61641,16014.30786,17541.32577,18885.24324,19272.21401,18995.89485,20096.55976,21276.93402,21986.31892,22972.43103,23587.33752,23524.06044,23447.0157
肯尼亚,KEN,2380.409774,2337.045647,2245.519354,2184.312438,2174.741915,2204.31061,2230.367861,2178.548573,2188.571517,2178.252153,2132.085218,2153.048872,2106.64989,2110.177326,2158.190317,2223.951018,2303.748411,2394.751519,2335.168424,2347.11358,2475.921697,2556.870916,2602.50409,2682.949117,2753.137276,2835.894305,2926.427064
吉尔吉斯斯坦,KGZ,3474.667969,3149.934886,2681.332781,2266.164404,1811.643448,1696.363515,1789.853966,1938.83581,1949.832931,1991.301566,2074.505287,2164.268295,2144.12125,2270.924677,2401.265004,2370.166045,2417.579471,2599.206018,2790.9349,2837.031419,2790.170664,2920.60321,2869.838962,3120.542044,3181.642163,3237.602937,3309.859929
柬埔寨,KHM,,,,1638.016998,1031.913755,1098.10834,1128.268484,1140.687053,1163.01077,1279.241026,1384.956024,1458.07818,1525.438013,1627.065866,1766.417798,1969.291178,2148.332688,2332.726846,2452.278159,2417.876281,2522.926825,2658.709247,2807.007055,2964.19717,3124.319293,3290.952454,3462.209621
基里巴斯,KIR,1943.596523,1909.629734,1898.838694,1891.319605,1900.03974,1874.15344,1877.489509,1878.382002,1968.027632,1904.678249,1989.195159,1926.796442,1965.773125,1970.204305,1902.847616,1958.501788,1917.351394,1914.706454,1834.117548,1809.719826,1756.599329,1750.436878,1799.294895,1841.925211,1797.228822,1949.833554,2014.231985
圣基茨和尼维斯,KNA,15263.09727,14913.18708,15418.97669,16276.93308,16926.62727,17622.37599,18444.77827,19490.82509,19189.90721,19583.66257,21359.68435,22236.27196,22467.40875,21388.6185,21948.01572,23758.94998,24154.52577,23864.29317,25135.38414,24024.27081,23414.84277,23575.45298,23160.35131,24160.75199,25352.03769,25634.37695,25973.44831
大韩民国,KOR,11632.59856,12710.59974,13356.02923,14126.25352,15272.29744,16566.4157,17655.53145,18526.58138,17386.98682,19216.14147,20756.7799,21530.26336,22997.18714,23549.36645,24605.53486,25516.82419,26697.03261,28013.70442,28588.37212,28642.8379,30352.10482,31228.5107,31776.89703,32548.71552,33425.68959,34177.65447,35020.41151
科威特,KWT,,,,,,81017.12409,80453.95959,78426.99588,75940.39605,69981.56426,69920.17568,68472.83109,69392.77169,80462.60032,87555.15518,93469.54314,96244.33671,96870.42782,93698.4616,81922.53712,75204.14512,77459.53831,77618.00034,74084.52144,70832.36836,68476.32504,68861.7921
拉丁美洲与加勒比海地区（不包括高收入）,LAC,9644.931125,9764.220238,9781.833392,9935.783709,10211.23734,10154.94786,10323.97461,10651.94672,10705.69846,10589.28938,10866.30299,10820.9942,10803.03027,10772.55853,11238.24819,11508.40675,11931.69312,12384.52367,12700.35986,12328.68771,12864.55885,13261.81779,13520.33337,13741.96124,13809.53168,13682.34513,13561.69043
老挝,LAO,1708.034226,1731.964619,1778.6015,1834.494508,1935.156945,2023.606497,2117.863837,2218.939126,2264.76694,2388.26723,2485.025142,2586.566495,2698.441304,2819.896388,2954.19979,3114.998445,3328.34598,3520.745005,3732.007533,3946.861002,4218.782044,4495.15215,4794.108611,5115.592478,5436.482643,5755.059505,6073.223695
黎巴嫩,LBN,5790.165615,8497.801336,9651.352128,10399.27922,10963.30383,11444.26921,12580.06864,12623.54266,12996.8541,12753.68048,12610.3435,12609.34647,12437.66461,12219.4478,12444.52197,12390.18731,12382.05103,13442.18704,14597.62576,15788.40732,16451.75983,15693.68728,15056.60848,14402.29544,13828.37387,13274.04208,13156.18928
利比里亚,LBR,,,,,,,,,,,1301.393583,1291.658978,1308.875898,898.6545809,904.7258079,927.7341172,968.3305565,1019.270637,1047.364548,1059.901336,1085.646254,1139.455419,1197.760009,1270.200964,1248.679754,1218.463599,1169.296094
利比亚,LBY,,,,,,,,,,21470.71144,21921.55202,21199.38308,20665.83955,22987.91233,23639.72474,26044.50141,27318.99527,28621.6269,28983.51723,28435.18422,29630.22215,11192.79064,24956.37517,21570.27052,16371.90217,14847.19707,14298.45506
圣卢西亚,LCA,9602.216301,9517.305081,10126.56576,10072.42177,10128.44626,10175.42905,10337.14441,10137.77444,10625.55384,10773.53041,10655.04061,10209.45975,10161.97891,10522.95385,11196.7097,11053.99783,11626.81461,11653.68735,12132.54391,11876.06428,11788.48743,12115.11358,11969.80613,11755.94799,12122.28682,11955.76013,12301.92767
拉丁美洲与加勒比海地区,LCN,9884.767903,10075.03306,10186.43567,10408.46631,10716.8646,10654.03853,10872.27062,11271.47169,11376.89029,11227.50191,11472.21478,11390.84778,11260.37554,11319.67162,11858.94857,12201.83907,12685.54402,13205.95437,13541.05129,13099.88642,13713.44199,14164.63792,14400.10734,14640.56402,14660.85085,14586.37966,14442.46096
最不发达国家：联合国分类,LDC,1352.864675,1341.417495,1319.378135,1291.032271,1271.17822,1308.770401,1349.674302,1378.601368,1398.653166,1424.731235,1454.631035,1496.474124,1531.768818,1576.314215,1642.4216,1732.479332,1821.578298,1924.545432,2011.818815,2063.624564,2146.090744,2183.862282,2236.848143,2316.985072,2388.740203,2433.280698,2470.343051
低收入国家,LIC,1485.925671,1456.517357,1371.611026,1336.941944,1316.704012,1330.48236,1363.425877,1375.182458,1384.367346,1393.85679,1394.297284,1421.849802,1417.324697,1425.088878,1463.125336,1509.372882,1543.280639,1591.292232,1628.257947,1669.221579,1743.650388,1767.692287,1788.474101,1851.248555,1905.776793,1911.167751,1913.733228
列支敦士登,LIE,,,,,,,,,,,,,,,,,,,,,,,,,,,
斯里兰卡,LKA,3612.338596,3733.283333,3853.387693,4076.092971,4263.973796,4461.81871,4599.855777,4866.84295,5069.661923,5259.814205,5541.909813,5418.438771,5590.037095,5874.019447,6143.592897,6476.240195,6921.246043,7339.197177,7723.239343,7945.07193,8529.572192,9193.359884,9980.022707,10238.71226,10646.80227,11079.71083,11445.46453
中低等收入国家,LMC,2825.394812,2802.690451,2829.872187,2828.035807,2860.224332,2951.190519,3070.96062,3133.398371,3109.985324,3208.141415,3293.222926,3379.813365,3473.488005,3630.710247,3822.575099,4014.387096,4230.903461,4459.747208,4589.219167,4750.432679,4997.657259,5166.996331,5353.111601,5569.477235,5803.973486,6054.049418,6321.485523
中低收入国家,LMY,4215.351724,4169.100437,4128.519222,4159.098037,4181.42967,4278.135204,4424.642022,4555.695492,4577.084069,4690.585046,4888.209998,5009.377842,5182.236383,5406.41567,5744.181004,6067.972584,6464.873342,6919.579312,7208.200054,7327.794049,7763.637367,8114.598363,8434.026925,8764.398341,9072.558967,9340.50945,9669.587766
莱索托,LSO,1379.364766,1447.856378,1518.288976,1540.854028,1602.9278,1628.323261,1694.530305,1734.789674,1741.414655,1731.522881,1781.138248,1827.697572,1825.09792,1892.613786,1909.086318,1959.233996,2025.365546,2105.443488,2227.514953,2253.776451,2365.623208,2499.951197,2617.235435,2630.956403,2677.14853,2714.704369,2763.922452
後期人口紅利,LTE,5153.199173,5104.155855,4997.157171,5096.091695,5192.594347,5390.987958,5581.522561,5802.862943,5863.289358,6077.105776,6456.107142,6736.029349,7085.021571,7527.446179,8081.493496,8639.281255,9375.614982,10252.65812,10884.83714,11141.41411,11939.33084,12707.03965,13352.97054,13989.01311,14574.41415,15074.16798,15600.00262
立陶宛,LTU,,,,,,9357.356588,9914.353838,10816.08455,11708.25295,11657.82438,12189.95493,13092.72201,14090.54944,15702.52265,16919.99811,18526.72165,20219.10368,22729.20009,23567.68869,20300.49168,21070.6218,22854.31858,24049.33967,25143.90016,26258.19448,27041.98048,28032.27836
卢森堡,LUX,57618.0207,61765.60104,62059.65311,63804.28576,65346.19924,65357.50427,65369.09583,68240.70365,71471.05669,76492.38825,81689.8164,82766.98904,85032.71188,85374.33983,87209.8194,88610.28987,91724.18249,97864.1951,94900.34672,89098.73424,91743.29389,92005.01684,89505.15896,90656.38042,92349.18649,93727.3206,93940.79573
拉脱维亚,LVA,,,,,,8283.83269,8575.29797,9438.468111,10149.27285,10500.19832,11175.13273,12051.83988,13058.729,14297.17263,15658.87844,17522.23544,19786.18501,21939.03398,21384.27411,18609.29859,18251.91969,19773.34733,20827.87328,21563.68174,22172.21271,23018.77374,23709.66103
中国澳门特别行政区,MAC,40365.34557,40680.11764,44984.80721,46310.13021,47307.06358,47887.11311,46731.77119,45673.19472,42705.36028,40824.84139,42225.49708,42443.30953,45126.65656,49153.46679,60810.59281,64199.25919,71160.18036,79743.38201,80762.39969,80121.22302,98184.64412,116752.2116,124568.5999,135318.7544,130755.1607,100444.5936,97751.73216
圣马丁（法属）,MAF,,,,,,,,,,,,,,,,,,,,,,,,,,,
摩洛哥,MAR,3912.005724,4118.022928,3960.066109,3863.407859,4203.00594,3915.217615,4337.143266,4212.621511,4460.469675,4453.466601,4483.808406,4754.192333,4843.989892,5071.7173,5252.301097,5361.662834,5700.923327,5834.012241,6106.845445,6287.870644,6443.253613,6688.402606,6791.335135,6995.938186,7078.881489,7296.018433,7278.051051
摩纳哥,MCO,,,,,,,,,,,,,,,,,,,,,,,,,,,
摩尔多瓦,MDA,,,,,,2605.431736,2457.22393,2506.950748,2343.887954,2268.499035,2321.027796,2468.123711,2666.805992,2850.831684,3069.379009,3307.620334,3476.03341,3588.621318,3875.904364,3647.9523,3910.860533,4179.214809,4150.504763,4541.868222,4762.780873,4746.784911,4963.398344
马达加斯加,MDG,1653.1589,1504.215132,1477.697724,1464.148966,1419.309762,1399.81077,1385.944942,1392.545225,1402.256119,1422.096303,1444.029429,1484.407782,1257.293553,1339.256331,1368.181585,1389.500912,1417.278583,1462.858323,1523.019873,1421.188472,1385.685072,1367.543082,1370.950275,1364.345909,1372.020961,1377.168213,1396.669615
马尔代夫,MDV,,,,,,7778.901786,8220.522444,8744.039406,9227.210663,9608.66582,9768.22998,9165.84486,9587.739822,10622.11999,10965.00522,9274.060744,11390.7351,11951.81411,12744.78319,11508.40226,12005.50462,12664.99068,12611.58587,13148.73197,13737.41416,13790.60884,14472.31717
中东与北非地区,MEA,11801.29228,11878.58092,12224.24179,12261.66702,12248.60043,12243.26567,12563.53732,12716.42324,13091.83562,13101.08277,13554.00859,13487.57022,13479.87455,13910.06248,14741.91203,15172.7594,15716.38909,16182.37217,16543.56716,16336.99877,16801.58545,16964.85095,17230.29335,17303.44028,17449.01746,17526.53743,18106.4965
墨西哥,MEX,13354.53962,13643.49498,13847.2364,13839.92353,14248.74793,13111.47167,13759.33146,14460.48069,14970.26867,15155.63913,15682.81267,15415.20072,15218.79392,15251.14113,15648.34283,15791.53754,16258.54057,16371.75207,16293.03182,15185.53788,15715.97265,16049.36476,16394.6312,16385.06014,16615.97998,16934.73497,17200.11694
马绍尔群岛,MHL,2907.880972,2839.769649,2986.911287,3123.924624,3273.074916,3511.351429,3125.92721,2907.9771,2812.590393,2737.050659,2893.836644,3047.641249,3128.862066,3136.711119,3142.962279,3235.774524,3280.81341,3396.818863,3335.763023,3274.794201,3479.155303,3513.291213,3626.424778,3720.958116,3685.462574,3665.375373,3730.333989
中等收入国家,MIC,4472.365843,4427.282596,4392.500552,4431.95146,4461.602126,4569.983775,4731.476053,4877.877058,4904.874712,5033.042226,5254.740502,5391.313189,5587.866753,5840.878212,6217.665591,6579.528263,7024.682492,7534.28941,7861.958713,8001.989377,8491.566808,8891.214052,9257.953206,9633.731857,9986.590333,10300.66865,10685.1938
北马其顿,MKD,9633.100907,9051.932633,8477.401691,7862.511026,7733.337394,7641.159019,7707.654168,7778.931919,7991.969501,8287.925575,8620.561351,8323.328917,8422.559263,8590.899651,8976.647158,9385.964869,9854.382545,10480.55491,11043.78499,10995.05935,11355.32264,11611.80541,11549.65217,11877.69509,12298.40881,12761.45079,13112.98367
马里,MLI,1271.794077,1390.400729,1312.911199,1319.270986,1332.849318,1309.962932,1366.486241,1396.034678,1463.149844,1505.535855,1462.919767,1639.203242,1639.92608,1734.886394,1706.956336,1760.693934,1783.110326,1784.878485,1808.887626,1832.808081,1871.984744,1874.70303,1804.942604,1793.723666,1865.160622,1919.228421,1971.08448
马耳他,MLT,16173.03936,16727.94061,17332.8983,17929.57228,18766.452,19818.06994,20432.08205,21344.04957,22292.70023,23206.91673,24618.69996,24583.12808,25128.36442,25598.64635,25540.04244,26337.96469,26722.07553,27690.59641,28431.67039,27523.31934,28358.74741,28612.39654,29125.51537,30043.71965,31839.39483,34079.80869,35050.95071
缅甸,MMR,742.9708935,728.0316749,788.3884299,826.1329063,877.4658474,927.0256813,974.2343699,1015.881079,1061.399627,1162.586326,1306.443236,1438.032802,1593.458886,1795.595797,2020.124804,2274.884736,2553.18939,2840.44801,3112.239736,3418.408661,3721.21144,3898.414627,4148.698196,4457.901329,4769.997622,5056.859041,5304.570644
中东与北非地区（不包括高收入）,MNA,8036.435403,7701.864409,7879.703249,7923.044683,7866.631483,7916.686737,8216.476089,8336.077487,8736.439253,8960.368692,9204.484972,9249.666612,9395.887612,9475.969624,10048.43863,10321.167,10702.40032,11150.75416,11345.13086,11434.52645,11815.81064,11532.35573,11610.59638,11596.75903,11645.38578,11575.06609,12215.04515
黑山,MNE,,,,,,,,10537.18868,11087.30869,10072.63476,10402.92819,10475.12743,10631.4637,10853.84048,11311.34612,11768.99998,12765.25692,13614.4784,14568.84171,13694.43877,14038.44101,14472.461,14069.86015,14548.09943,14795.60326,15290.072,15729.84338
蒙古,MNG,5122.531607,4605.980667,4131.96682,3966.209989,4020.141059,4243.836175,4303.988873,4435.082313,4544.502058,4643.482263,4655.022604,4748.226602,4924.356135,5214.603003,5705.033517,6047.134735,6483.534998,7055.138106,7576.481363,7367.785987,7708.599994,8881.48475,9788.825022,10720.06215,11348.64734,11411.94211,11352.61171
北马里亚纳群岛,MNP,,,,,,,,,,,,,,,,,,,,,,,,,,,
莫桑比克,MOZ,378.5342736,387.0232879,354.2845354,370.4504104,378.2752828,373.4353117,459.4264755,495.4216762,540.0946166,567.5070213,561.6127535,615.3098219,650.1524783,672.1550959,703.392187,742.4240039,791.9276443,826.1626683,857.526882,885.734282,917.7638317,954.7991162,994.1248942,1034.589423,1079.823865,1118.222844,1127.350878
毛里塔尼亚,MRT,2806.73383,2781.480615,2759.187038,2843.770064,2681.622684,2861.843656,2939.725671,2735.963972,2726.338139,2847.717627,2751.155549,2724.593151,2663.96032,2743.128115,2819.081969,2985.690698,3449.960156,3448.64871,3388.835433,3259.07635,3316.97478,3371.994582,3462.56176,3565.521999,3655.388509,3601.61435,3572.28055
毛里求斯,MUS,7386.830181,7631.642022,8022.416012,8330.767838,8554.72625,8845.140082,9244.359511,9648.561474,10127.24794,10260.38052,11077.15631,11272.82132,11431.41377,11764.00378,12362.16885,12441.74522,13441.20141,14146.40559,14854.67991,15306.40987,15938.43289,16561.77098,17093.32114,17628.81823,18255.89956,18879.52301,19590.64219
马拉维,MWI,744.1970806,792.0793747,727.3152219,795.6677987,711.1924352,820.773968,863.3410719,872.5993321,879.2442764,878.1341971,865.957498,800.384183,792.4548773,815.7392038,836.9343843,840.1866863,854.1581644,908.3108489,948.2265195,996.2452685,1032.962881,1051.185996,1039.759359,1062.164941,1090.367208,1088.701805,1083.801421
马来西亚,MYS,10551.65896,11252.4903,11940.85575,12797.79063,13632.72652,14601.07477,15658.40149,16382.663,14800.79401,15332.83235,16310.09276,16039.43402,16554.90929,17165.68007,17976.66309,18577.0912,19251.33545,20093.26869,20687.13112,20009.19928,21107.26794,21818.87569,22590.79152,23224.18844,24194.63391,25016.7309,25685.28314
北美,NAC,36493.6563,35918.08285,36608.73775,37126.91882,38178.79074,38765.50684,39705.84179,40990.40573,42312.19894,43818.74459,45155.99878,45176.34854,45604.61366,46439.5394,47723.4103,48858.55991,49686.90922,50102.59527,49532.24128,47717.16838,48611.12266,49058.43765,49751.93653,50321.21618,51177.10698,52179.0173,52583.07404
纳米比亚,NAM,5786.749774,6041.278747,6270.347153,5988.291738,5914.68591,5964.727105,5970.661719,6036.887577,6057.982708,6102.086339,6178.139189,6139.903643,6340.303478,6527.981441,7246.159428,7345.465925,7774.969677,8097.550851,8207.704981,8113.874111,8460.847368,8721.255524,8967.163152,9255.656532,9617.396957,9973.211833,9818.012311
新喀里多尼亚,NCL,,,,,,,,,,,,,,,,,,,,,,,,,,,
尼日尔,NER,894.542821,888.1138722,803.394369,788.0329748,791.8864426,784.6089469,783.1234449,776.2262636,826.5581014,792.4834701,753.4312693,778.2353417,773.0728181,785.0474222,757.6879956,763.2115437,778.1308815,773.2717254,816.2383466,780.421614,814.2052165,801.6060865,862.8683969,874.080779,904.4588234,908.1738577,917.1395708
尼日利亚,NGA,3358.778959,3286.090347,3352.671971,3203.252802,3067.677851,2990.078426,3038.970449,3051.352365,3053.115877,2995.253331,3067.726552,3168.68493,3563.437494,3729.430255,3971.472133,4119.294641,4256.330598,4419.03349,4594.62144,4833.529932,5083.0068,5211.532251,5288.463315,5492.485133,5685.799971,5684.535723,5448.052975
尼加拉瓜,NIC,2993.487966,2922.77637,2870.069039,2797.242539,2830.409372,2938.267736,3065.818126,3130.253504,3191.11418,3360.410516,3444.560407,3495.128278,3473.145778,3513.716849,3652.407521,3759.520373,3864.693486,4008.008361,4092.061412,3906.989107,4028.712087,4231.497518,4453.253517,4618.727191,4784.830464,4956.921298,5130.580295
荷兰,NLD,32106.79607,32631.75974,32938.50319,33121.06473,33896.81575,34780.83569,35855.55221,37205.27913,38649.90511,40333.07084,41743.25685,42309.41715,42083.78598,42004.61925,42708.94848,43529.78608,44989.12448,46551.66501,47158.66317,45149.12806,46101.7545,46599.02103,45948.53628,45753.6324,46238.2097,46935.60497,47709.72121
挪威,NOR,42813.76496,43924.62825,45232.84169,46243.77986,48305.7807,50051.87133,52302.69134,54768.94898,55872.63975,56608.56513,58045.06727,58956.39415,59482.36596,59678.44753,61675.60078,62864.79647,63854.11354,65083.2587,64586.1779,62698.28536,62350.41071,62145.02615,63003.4109,62896.29006,63419.31478,64028.39153,64220.37415
尼泊尔,NPL,1197.947803,1241.417555,1257.838694,1271.076035,1339.519724,1351.697162,1390.764758,1429.238951,1442.299383,1476.884761,1539.718672,1585.516333,1561.279151,1597.877279,1648.984749,1684.338712,1720.853441,1760.945708,1850.025041,1914.705969,1985.980341,2031.087465,2103.353638,2163.950489,2266.184298,2314.274881,2301.674897
瑙魯,NRU,,,,,,,,,,,,,,,,,,3984.034709,5384.922346,5852.417099,6592.436836,7339.304367,7905.088755,10078.39136,12561.44634,12270.29759,12950.52898
新西兰,NZL,23671.27301,22181.32263,22229.46594,23413.18637,24309.22536,25052.35446,25487.01891,25911.47717,25956.39195,27161.39482,27620.4728,28500.95264,29427.59462,30162.49941,30689.1868,31351.83592,31768.86379,32657.58008,31881.12158,32168.77132,32119.21554,32734.53667,33369.26946,33782.10082,34455.33122,35309.82372,35776.57173
经合组织成员,OED,26949.43043,27069.47199,27415.86226,27554.16535,28190.37762,28715.04453,29424.30169,30279.56878,30939.21461,31736.05281,32818.42899,33017.99626,33336.89857,33787.60931,34669.05508,35404.71981,36244.91023,36917.67661,36735.2477,35195.55061,36048.82793,36593.77135,36861.8724,37200.94425,37760.30187,38486.72927,38955.63943
阿曼,OMN,35042.13369,35568.77334,36821.19478,37372.32169,37441.78672,38316.52914,38911.97397,41019.35676,42063.92578,41954.7329,43965.96949,45400.32532,44140.90936,42044.73912,41551.5734,41458.37789,42472.53209,43034.65665,44938.94044,45635.95938,45335.85252,42121.43192,43030.17781,41924.8081,40365.27326,39874.25925,39731.92724
其他小国,OSS,,,,,,,,,,,13793.33124,14142.22429,14539.63643,14894.35831,16031.27744,16644.20282,18131.82336,19438.41053,20418.77063,20351.50973,21568.42313,22740.71805,23089.51186,23286.61032,23424.2584,23538.90151,23550.22944
巴基斯坦,PAK,3054.953358,3121.123623,3272.479515,3244.364469,3280.75556,3357.789692,3433.612204,3383.841499,3387.058785,3429.29084,3494.911632,3486.718665,3523.190968,3617.676767,3804.983936,4013.427033,4174.979611,4288.331463,4273.035123,4304.469172,4283.607312,4309.763713,4367.451996,4464.090289,4576.227015,4695.699879,4857.168718
巴拿马,PAN,7855.027176,8417.175393,8920.71972,9215.56723,9285.639613,9256.733562,9439.325833,9846.39118,10357.3691,10549.83713,10624.7885,10480.58422,10511.50974,10749.08912,11344.2502,11937.60391,12735.55702,14006.17277,15113.25442,15031.29923,15628.59224,17093.83998,18441.35151,19377.90562,20017.99438,20817.55655,21500.0738
秘鲁,PER,5312.684664,5319.341299,5184.96718,5351.594571,5899.563783,6226.245611,6295.160401,6598.585226,6475.632815,6479.474097,6563.267935,6516.693156,6784.222227,6978.570061,7234.490542,7595.271846,8067.898678,8649.080663,9323.353938,9308.674789,9956.556637,10449.09326,10943.91927,11430.25578,11547.83422,11770.03445,12082.16801
菲律宾,PHL,4010.202824,3889.005127,3808.17057,3796.882439,3871.354122,3959.666668,4096.675582,4213.64035,4097.977794,4133.402513,4224.113226,4255.042738,4318.73733,4441.675324,4647.010934,4778.97122,4941.598931,5181.003468,5309.442188,5284.865261,5596.837288,5707.204842,5988.804388,6306.746066,6585.895949,6874.582566,7233.206103
帕劳,PLW,,,,,,,,,,,12304.97524,12967.52892,13364.29452,12849.15778,13401.02214,13931.41088,13552.85119,13607.74571,12807.69182,11980.69261,11955.40789,12520.49486,12871.53112,12503.14309,12992.08924,14216.54209,14148.5079
巴布亚新几内亚,PNG,2373.51983,2535.483099,2815.0156,3244.678327,3351.419809,3158.526222,3315.965506,3104.609372,2910.65122,2888.611368,2744.899414,2672.538725,2601.764033,2592.439728,2597.812399,2695.617932,2691.170914,2918.715821,2841.839035,2965.226589,3191.580408,3155.403568,3230.318722,3282.463754,3709.081645,3824.729822,3806.255733
波兰,POL,10276.57333,9521.780497,9731.361156,10069.49509,10580.10463,11300.27108,11975.5672,12740.79267,13323.97073,13943.65519,14732.482,14920.45973,15232.13015,15785.42086,16605.81843,17193.52373,18267.58802,19563.29763,20391.90022,20952.80167,21770.64444,22850.63885,23218.1113,23555.49621,24355.39527,25307.24553,26093.51925
預人口紅利,PRE,2515.656967,2146.02975,2157.322294,2113.652238,2058.616789,2060.779731,2124.973367,2200.743725,2327.466166,2386.672164,2389.472112,2433.128688,2487.845181,2381.088481,2630.836011,2724.119744,2838.629906,2932.040696,3041.489303,3105.160791,3208.646053,3271.456528,3359.987894,3464.216144,3520.714014,3530.309422,3541.988532
波多黎各,PRI,22227.18449,22579.09146,23457.71537,24341.35256,25125.79631,26027.22543,26332.3433,27361.9218,28709.73912,30105.98484,31005.17579,32892.16603,33150.83801,33147.79345,36040.41124,35375.29983,35024.71998,34820.77187,34379.73772,33892.84814,33924.06415,34195.65107,34622.06037,34913.63318,35066.05686,35314.54135,35527.93822
朝鲜民主主义人民共和国,PRK,,,,,,,,,,,,,,,,,,,,,,,,,,,
葡萄牙,PRT,20166.92799,21096.42846,21342.85656,20881.20607,21026.02091,21850.74,22529.92,23422.33637,24420.94811,25227.38858,25999.49069,26318.47816,26375.96451,26031.64944,26439.93318,26593.28555,26957.63637,27575.23676,27590.37495,26743.19799,27238.46067,26780.21491,25805.84983,25654.61445,26023.69785,26607.83297,27205.9178
巴拉圭,PRY,7951.194503,8020.244352,7955.140512,8147.192083,8378.77696,8744.348936,8681.659899,8850.731352,8667.123365,8371.682061,8014.839366,7795.218059,7649.258949,7838.410743,8019.466486,8060.888461,8323.008908,8651.651599,9078.627822,8935.926257,9800.512184,10080.7389,9892.169919,10581.32887,10948.62026,11138.77735,11470.27519
约旦河西岸和加沙,PSE,,,,,2723.375765,2789.676154,2861.674161,3391.047169,4163.552776,4787.298389,4202.922588,3832.445341,3682.804267,3934.345286,4164.754452,4503.798062,4188.939792,4012.739788,3612.142089,4179.070003,4172.745689,4356.341825,4841.813486,4498.302206,4319.528283,4713.499587,4738.015426
太平洋岛国,PSS,4109.045952,4020.726716,4168.57123,4209.960834,4337.360783,4424.221862,4511.998822,4383.360131,4406.204285,4604.631196,4503.375719,4518.602091,4575.695229,4613.140218,4758.625215,4795.264116,4844.079269,4822.59324,4841.291428,4703.026938,4777.534392,4904.728219,4925.612563,5015.165775,5165.95814,5276.180978,5308.045882
人口紅利之後,PST,28477.52163,28606.54058,28914.9119,28990.28779,29639.74292,30260.97405,30953.65424,31826.36727,32510.75846,33467.23538,34644.05596,35028.22249,35438.83083,35988.00622,36962.94063,37775.67045,38687.38684,39458.71317,39312.86968,37707.17681,38644.12511,39175.26719,39442.74593,39793.06009,40362.96568,41023.51698,41537.84928
法属波利尼西亚,PYF,,,,,,,,,,,,,,,,,,,,,,,,,,,
卡塔尔,QAT,,,,,,,,,,,108323.9039,108055.0061,110654.4971,107615.8955,116418.2265,109802.3586,118585.1575,118831.6554,119723.1007,117064.8597,125140.8383,129349.9164,125302.08,122636.9216,120860.0676,119872.582,118222.4269
罗马尼亚,ROU,11367.72043,9985.582809,9192.803471,9346.058408,9727.671798,10443.16084,10878.58998,10384.51491,10188.83147,10163.86309,10420.77715,11158.12981,11953.42385,12705.0714,13845.70298,14512.67797,15774.93031,17108.55725,18832.92997,17868.07455,17469.14793,17907.64749,18361.17681,19077.18911,19801.91454,20665.59804,21782.09276
俄罗斯联邦,RUS,20639.00054,19553.5856,16704.93383,15274.22059,13370.85335,12813.39668,12370.09599,12564.03096,11917.84646,12719.89289,14050.85134,14829.08298,15604.14949,16818.74263,18098.36708,19325.93574,20970.1899,22798.97083,24005.99668,22121.85249,23107.78522,24310.04397,25156.42094,25551.08997,25284.5862,24516.54995,24416.62388
卢旺达,RWA,874.3872379,874.6480711,974.3615292,952.4782213,497.1407992,680.9879216,744.2946489,794.4730129,799.0155005,774.5519529,794.1586321,830.1262822,916.8733357,921.5059351,974.6319151,1045.48614,1115.305431,1170.364422,1266.11471,1309.369979,1368.127745,1436.868937,1524.071679,1556.059539,1633.340915,1734.731001,1794.068468
南亚,SAS,1968.511603,1963.707866,2032.856334,2076.433375,2156.159382,2258.985698,2365.736259,2406.189449,2491.318425,2633.565639,2690.288647,2754.926934,2806.411491,2956.885558,3127.03419,3313.868359,3512.551173,3710.186776,3771.598611,3978.753052,4218.850303,4371.429996,4546.923273,4757.947405,5022.080874,5326.391083,5663.037058
沙特阿拉伯,SAU,42457.11489,47262.89936,47702.40165,45784.8789,44905.85662,43980.90039,44207.12382,43838.09515,44251.47394,41721.7253,43071.44983,41472.85334,39194.77239,42344.41092,44390.95763,45538.49797,45527.2678,45130.13956,46678.55353,44481.47176,45421.22848,48524.63249,49658.6527,49537.58573,49958.44334,50723.71265,50423.01349
苏丹,SDN,1743.446039,1826.269446,1896.330564,1931.633844,1900.037532,1960.649671,2021.000348,2173.928276,2205.504326,2211.321994,2286.658691,2367.773089,2449.978332,2566.534085,2593.432883,2712.890404,2907.360956,3158.477972,3317.85604,3338.228978,3366.096261,3631.663456,4097.068622,4177.335653,4188.334814,4290.372249,4386.352579
塞内加尔,SEN,2314.33305,2302.173311,2261.095716,2223.376235,2160.313128,2215.173052,2202.46607,2216.332991,2291.778372,2379.741692,2396.710386,2444.560693,2398.475524,2493.03838,2570.750651,2644.023117,2637.493758,2693.900782,2727.284627,2707.382577,2724.538227,2684.325938,2738.793404,2732.959172,2828.414056,2921.946885,3016.405291
新加坡,SGP,34344.6723,35613.39816,37008.82397,40247.50299,43266.13893,44921.33766,46380.88442,48568.05099,45901.15086,48311.29412,51706.43482,49851.07927,51478.68511,54560.54451,59027.01263,61973.68522,65386.13546,68432.68555,66046.14739,63697.29143,72115.8395,75113.20453,76285.56992,78896.6127,80903.53465,81741.09694,82621.50318
所罗门群岛,SLB,1883.179766,1940.777996,2126.089821,2148.746691,2280.664714,2399.507769,2370.426849,2271.871042,2249.083571,2177.499211,1816.7348,1627.43621,1540.40435,1598.277089,1634.298,1680.506493,1754.17545,1838.592863,1924.001506,1791.828561,1871.36937,2071.892101,2119.467988,2137.003975,2139.560768,2149.221647,2179.232137
塞拉利昂,SLE,1250.575193,1272.612398,1032.057339,1052.081095,1037.295232,956.2791382,971.3393461,909.3466454,915.3332785,880.2017129,912.7425576,823.2862732,994.9924358,1036.96534,1056.584409,1061.510224,1070.347609,1124.541181,1156.419383,1165.887927,1199.98985,1246.252789,1402.697094,1655.121779,1692.142067,1314.273728,1363.863571
萨尔瓦多,SLV,4544.585408,4550.434209,4803.349749,5014.462798,5182.463704,5363.842434,5349.724326,5463.654999,5559.218119,5634.008824,5656.242809,5668.828932,5725.155632,5784.184608,5807.273634,5936.61904,6166.296376,6253.15152,6358.132981,6198.304499,6300.775388,6511.443727,6663.811622,6789.860003,6890.723224,7019.591799,7164.143515
圣马力诺,SMR,,,,,,,,65352.68573,69499.64805,74921.50739,75678.5028,78890.03875,78148.90154,80118.52703,82713.82835,83600.04794,85726.80002,90727.20951,91087.92413,78444.72812,73862.33744,66053.1105,60282.54381,57750.45877,56610.3271,56426.45003,57245.78322
索马里,SOM,,,,,,,,,,,,,,,,,,,,,,,,,,,
塞尔维亚,SRB,,,,,,7393.079189,7579.96473,8147.34571,8377.074217,7386.233734,7984.819839,8397.906571,9003.77669,9421.352205,10297.65541,10900.89001,11480.56115,12206.01398,12915.93911,12563.76127,12688.09822,12967.89199,12898.67841,13294.93298,13112.88201,13277.77283,13720.8627
撒哈拉以南非洲地区（不包括高收入）,SSA,2618.455763,2559.076541,2485.312319,2400.683518,2359.858158,2373.677761,2431.97081,2454.227005,2450.243584,2440.014675,2459.467936,2502.726601,2594.605992,2637.864364,2740.176664,2834.878247,2931.355937,3043.575167,3125.832328,3148.093037,3242.670997,3312.509889,3352.15139,3437.647065,3510.891164,3525.330653,3481.042105
南苏丹,SSD,,,,,,,,,,,,,,,,,,,,,,3373.961389,1550.269284,1940.428506,1935.8794,1875.380066,1569.888346
撒哈拉以南非洲地区,SSF,2620.025956,2560.65949,2486.996686,2402.449498,2361.557144,2375.308173,2433.639004,2456.077543,2452.218565,2441.975106,2461.405157,2504.557077,2596.392824,2639.480492,2741.684676,2836.494107,2933.088898,3045.457064,3127.600096,3149.785955,3244.416472,3314.374984,3353.985853,3439.544356,3512.823102,3527.311246,3483.071426
小国,SST,,,,,,,,,,,12652.44968,12947.73834,13325.99921,13746.3917,14684.02216,15227.81163,16515.40705,17568.1171,18338.11271,18180.18736,19136.59712,20056.16745,20362.44173,20552.93206,20693.16461,20825.04977,20786.17339
圣多美和普林西比,STP,,,,,,,,,,,,2017.580236,2018.961338,2101.167062,2130.049512,2227.489143,2374.126409,2394.663767,2531.528129,2533.747923,2641.513948,2695.629542,2718.163543,2785.734046,2902.693372,2947.510971,3003.768446
苏里南,SUR,10358.01745,10439.28544,10293.9391,9441.747156,9606.441487,9461.670697,9422.255269,9830.057975,9934.009667,9680.771903,9771.353036,10067.72893,10235.98266,10763.02413,11552.54558,11943.78512,12502.19297,13000.51808,13396.89236,13656.09208,14211.46204,14887.81423,15132.12801,15419.18041,15306.5667,14643.33712,13701.19609
斯洛伐克共和国,SVK,,,11632.74526,11808.75927,12492.23211,13183.57921,14044.65265,14869.33937,15445.1404,15397.74523,15605.19611,16152.27108,16888.94319,17815.82984,18756.55395,20020.83759,21712.17836,24049.98337,25382.1684,23973.84139,25159.07755,25835.00476,26218.4716,26580.71785,27285.28467,28397.41072,29247.21576
斯洛文尼亚,SVN,,,,,,18431.04519,19091.06757,20094.45711,20800.00597,21881.43619,22723.32704,23356.70552,24222.70577,24896.11909,25962.90851,26955.47591,28389.3382,30190.72365,31137.77637,28451.54552,28678.37263,28804.70152,27976.91631,27622.68555,28417.65644,29037.74168,29930.03704
瑞典,SWE,30933.28603,30371.06887,29843.63567,29057.9099,30031.48595,31076.55654,31498.08735,32393.12965,33743.58278,35244.7427,36854.4557,37330.28658,37980.55437,38742.24604,40257.47233,41226.84665,42917.52924,44050.97389,43465.65468,40862.51215,42988.80521,43808.50116,43355.80776,43522.35122,44213.87797,45698.49506,46339.12442
斯威士兰,SWZ,5378.167768,5322.987151,5370.93354,5429.939265,5455.504073,5605.569907,5696.594636,5743.298014,5766.418926,5825.185825,5839.267051,5837.835663,6048.42325,6245.77658,6426.839172,6745.717803,7056.509128,7253.489219,7183.959074,7161.806823,7296.511119,7323.997665,7528.824769,7865.438371,7870.970748,7758.495563,7864.88702
圣马丁(荷属),SXM,,,,,,,,,,,,,,,,,,,,32875.27578,34108.59674,36340.24464,35563.84882,34092.65219,33640.79577,32820.08782,32017.76664
塞舌尔,SYC,14216.5299,14415.67098,15377.31306,15993.4304,15448.33633,15097.194,15608.90136,17272.09496,18360.92166,18340.82816,18453.10977,18018.24135,17687.64112,16835.77295,16416.56087,17812.27995,19086.45369,20968.21668,20064.3024,19764.80709,20365.11893,22556.58257,22618.01239,23540.38038,24221.14426,24856.5599,25630.71009
阿拉伯叙利亚共和国,SYR,,,,,,,,,,,,,,,,,,,,,,,,,,,
特克斯科斯群岛,TCA,,,,,,,,,,,,,,,,,,,,,,,,,,,
乍得,TCD,1110.43798,1167.350171,1221.2375,996.9555484,1062.908208,1040.916137,1028.642308,1050.229306,1084.729434,1039.46558,993.1829822,1067.947758,1115.037497,1231.115101,1584.67315,1793.406936,1743.617851,1741.487056,1736.919173,1752.119931,1925.195118,1863.845605,1962.87773,2007.077319,2076.650008,2067.101322,1878.378483
东亚与太平洋地区 (IBRD与IDA),TEA,2250.784134,2387.988757,2596.970021,2830.095578,3080.667708,3333.296312,3582.228303,3777.653312,3767.671145,3946.304481,4194.774976,4425.384872,4722.295752,5081.478218,5481.104549,5950.687376,6521.308006,7235.625401,7773.565972,8289.992357,9021.158181,9695.518308,10341.56243,10994.46651,11640.34222,12298.7279,12974.27916
欧洲与中亚地区 (IBRD与IDA),TEC,13374.61991,12568.91722,11258.73804,10608.09617,9577.928161,9469.66606,9490.84878,9757.764998,9651.693615,9906.634958,10662.82388,10996.97089,11557.62602,12307.00698,13260.46787,14122.63295,15231.32919,16389.15454,17092.11419,16158.91956,16852.36238,17780.29595,18276.22036,18800.98982,19098.02283,19103.64835,19310.31133
多哥,TGO,1294.149524,1253.534884,1176.052091,976.0167184,1095.640162,1151.0859,1217.417053,1350.591311,1278.786888,1270.688835,1224.039487,1170.817895,1129.161785,1154.346609,1148.308596,1131.469843,1146.158439,1141.212316,1155.884092,1187.391687,1226.399315,1270.418896,1317.99084,1362.119265,1405.648988,1448.719829,1484.656887
泰国,THA,6650.439738,7134.4191,7633.864242,8189.119232,8763.399358,9381.023733,9802.577197,9421.133109,8598.287025,8889.057995,9189.060781,9417.998254,9914.430354,10547.89822,11134.14135,11525.37739,12024.67183,12607.08111,12757.15784,12605.37312,13486.56241,13535.13327,14448.30501,14771.46675,14857.20293,15252.22825,15705.8066
塔吉克斯坦,TJK,3661.399802,3327.761134,2318.804038,1906.938261,1478.111508,1275.522897,1047.102413,1049.496765,1089.211611,1112.293097,1185.24537,1276.032688,1387.881665,1509.31512,1632.096307,1704.647239,1786.642217,1884.418918,1989.715323,2022.05627,2106.326201,2211.753822,2324.070404,2440.274909,2546.335222,2640.624585,2761.923412
土库曼斯坦,TKM,8316.756977,7713.442194,6372.936516,6289.5988,5069.65859,4600.950576,4818.178022,4202.477205,4441.334655,5113.152372,5333.089242,5506.288635,5465.458385,5588.665852,5808.663395,6495.004256,7124.610846,7815.008519,8844.633509,9248.886549,9942.426956,11212.53851,12235.36862,13236.03965,14332.36577,14992.32314,15648.37311
拉丁美洲与加勒比海地区 (IBRD与IDA),TLA,9854.536169,10045.15686,10151.24386,10368.12227,10672.7443,10599.1421,10815.79253,11210.77229,11305.75169,11140.73313,11380.18632,11282.91857,11147.98874,11208.03504,11733.57955,12084.84708,12576.74291,13105.04916,13447.91209,13006.43329,13627.41338,14084.42944,14320.38499,14562.46004,14583.19997,14507.61031,14362.47344
东帝汶,TLS,,,,,,,,,,,3307.300217,3527.805916,3174.065808,3015.636119,4769.76466,6293.276203,8728.156901,9039.0395,9822.115762,9109.822771,8860.552312,9717.081552,9976.810117,8672.222575,6262.838524,7398.616498,7297.023992
中东与北非地区 (IBRD与IDA),TMN,8082.457157,7747.352243,7927.787393,7973.066432,7918.053723,7969.057262,8272.428843,8388.628437,8784.875519,9004.412643,9257.899547,9308.075616,9458.03323,9536.667053,10113.39928,10385.82062,10775.50545,11231.57831,11433.75624,11518.37677,11905.10784,11617.01721,11691.18563,11682.35686,11734.80349,11659.61107,12308.34811
汤加,TON,3574.195232,3796.296289,3799.366263,3935.289449,4122.04024,4264.232505,4251.701851,4230.479359,4327.156125,4474.119799,4601.738191,4741.90785,4875.696568,4948.320971,4900.630755,4946.881308,4875.434323,4641.842176,4755.610258,4836.417883,4984.19363,5101.456005,5128.53418,4950.709252,5031.629951,5189.842453,5327.2672
南亚 (IBRD与IDA),TSA,1968.511603,1963.707866,2032.856334,2076.433375,2156.159382,2258.985698,2365.736259,2406.189449,2491.318425,2633.565639,2690.288647,2754.926934,2806.411491,2956.885558,3127.03419,3313.868359,3512.551173,3710.186776,3771.598611,3978.753052,4218.850303,4371.429996,4546.923273,4757.947405,5022.080874,5326.391083,5663.037058
撒哈拉以南非洲地区 (IBRD与IDA),TSS,2620.025956,2560.65949,2486.996686,2402.449498,2361.557144,2375.308173,2433.639004,2456.077543,2452.218565,2441.975106,2461.405157,2504.557077,2596.392824,2639.480492,2741.684676,2836.494107,2933.088898,3045.457064,3127.600096,3149.785955,3244.416472,3314.374984,3353.985853,3439.544356,3512.823102,3527.311246,3483.071426
特立尼达和多巴哥,TTO,12255.41389,12502.18455,12220.92965,11976.32954,12344.75533,12871.4601,13752.91809,14760.38732,15936.0419,17184.48678,18323.95826,19021.84964,20443.87864,23283.02293,25007.6684,26429.34529,29777.56704,31047.53484,31951.0206,30403.81003,31260.90705,31012.71642,31254.78874,31405.44628,31181.8212,31524.58863,29540.8743
突尼斯,TUN,5614.938383,5706.033665,6018.766664,6023.379562,6095.682127,6131.297603,6468.616998,6727.4545,6963.760802,7305.146991,7573.929213,7791.955558,7832.080845,8138.211054,8578.441655,8802.943118,9179.489146,9698.423639,10003.29949,10195.57651,10436.3656,10120.67717,10404.22409,10579.12288,10767.02765,10765.88625,10761.51453
土耳其,TUR,11400.17617,11289.90791,11665.21125,12357.17945,11594.01684,12310.19972,13010.25464,13776.05429,13874.07863,13197.74786,13862.05302,12842.35827,13468.48814,14020.93631,15161.60987,16309.67916,17250.77587,17901.47945,17836.8009,16783.44112,17959.25635,19660.88715,20282.02196,21650.75133,22401.87088,23388.4741,23756.4741
图瓦卢,TUV,2353.715762,2425.196423,2477.506569,2566.108775,2819.524183,2666.815396,2500.792413,2744.725059,3160.31176,3097.908226,3043.414457,3063.230227,3262.612943,3111.228556,3029.763194,2876.577955,2906.223804,3058.800344,3272.006838,3096.715258,2986.449856,3181.601723,3031.898968,3143.110114,3159.486065,3419.203468,3492.497412
坦桑尼亚,TZA,1529.996104,1511.03135,1469.446999,1438.142787,1414.490412,1421.554762,1445.201267,1457.304215,1473.422471,1506.211541,1533.573106,1583.285097,1649.266567,1710.000601,1785.498723,1862.575502,1924.555233,1991.757341,2039.622904,2080.18611,2143.284427,2236.415355,2265.180078,2344.70791,2426.120538,2497.079018,2587.433621
乌干达,UGA,769.4524841,785.1074145,785.2856907,823.1969913,848.0949739,916.2448658,968.6436054,987.138325,1004.066031,1051.312041,1049.778625,1067.961203,1122.249626,1154.200711,1190.574441,1222.703216,1308.421644,1370.274595,1439.110548,1485.027085,1515.866412,1602.544811,1608.439799,1610.810913,1637.275081,1665.949905,1689.088485
乌克兰,UKR,10463.95996,9563.882136,8611.474559,7382.299722,5717.528569,5059.822915,4594.432331,4497.390275,4451.547944,4484.733006,4797.380277,5291.85927,5625.264997,6210.755091,7015.822833,7279.259003,7873.883917,8522.496102,8766.194221,7505.677757,7824.498452,8281.867126,8322.173034,8338.91505,8243.473515,7464.939834,7678.053699
中高等收入国家,UMC,6007.128838,5952.003281,5870.232918,5961.387058,6000.321972,6136.94345,6350.819269,6592.193636,6682.445174,6854.225269,7228.81106,7433.437061,7754.052135,8125.65023,8715.972364,9278.643656,9989.920872,10825.88996,11395.19253,11539.70926,12323.62366,13007.52788,13605.59239,14190.98903,14708.69908,15126.17581,15675.66519
乌拉圭,URY,9840.72007,10117.19702,10840.71829,11047.22672,11764.79924,11511.0894,12066.24967,13005.63899,13506.11129,13175.44318,12874.76476,12358.045,11400.22433,11499.40964,12080.45626,12975.75648,13485.55487,14330.29472,15307.85795,15900.82926,17082.40466,17904.74583,18477.37913,19270.5761,19827.56499,19831.4459,20093.63226
美国,USA,37070.94951,36551.78066,37330.00992,37852.57848,38900.95281,39485.65953,40510.43292,41821.5882,43176.35359,44683.17963,45996.99548,45988.49074,46377.6113,47271.28787,48608.90151,49774.07925,50610.98881,51023.56363,50395.82982,48569.4224,49479.25153,49883.11686,50632.44637,51208.89538,52080.79557,53187.57644,53631.76072
乌兹别克斯坦,UZB,3071.022647,2991.446165,2594.852007,2478.209376,2303.672203,2242.059663,2236.976535,2309.349584,2370.19491,2445.609277,2503.657346,2575.992404,2646.445073,2725.692293,2901.895529,3069.115166,3253.221059,3525.435558,3781.528957,4019.435793,4239.702208,4469.997484,4765.860109,5067.360265,5370.865802,5700.236028,6038.928299
圣文森特和格林纳丁斯,VCT,5576.148906,5623.316611,5971.453224,6220.175341,6140.462021,6617.845538,6705.940527,6945.601882,7235.134246,7434.165952,7554.764702,7677.491588,8150.909745,8761.171151,9107.742097,9318.463174,10019.88113,10341.50766,10494.01034,10265.45945,9915.577619,9871.648577,10009.30631,10193.53976,10313.76511,10442.78033,10630.81336
委内瑞拉玻利瓦尔共和国,VEN,14450.68384,15490.07649,16059.97594,15752.5068,15054.65778,15323.49839,14981.62528,15618.83956,15359.52283,14166.46488,14413.06332,14627.4273,13090.59206,11860.73286,13785.21822,14948.12511,16149.48034,17275.95936,17897.09846,17053.93131,16544.97206,16981.33549,17678.8125,17665.24,16745.02198,,
英屬維爾京群島,VGB,,,,,,,,,,,,,,,,,,,,,,,,,,,
美属维京群岛,VIR,,,,,,,,,,,,,,,,,,,,,,,,,,,
越南,VNM,1452.877479,1507.191728,1603.903822,1699.222153,1815.275905,1954.776754,2104.505112,2244.310844,2343.440239,2426.282479,2562.104865,2692.125097,2833.770963,3000.311156,3196.297215,3405.679195,3609.683037,3831.243217,4009.959321,4185.019792,4408.168612,4632.765965,4821.137231,5024.438902,5264.8281,5554.858056,5837.628704
瓦努阿图,VUT,2549.287954,2557.053812,2547.88244,2493.588783,2646.649631,2609.434204,2614.769639,2693.108513,2760.384391,2719.729957,2822.917121,2663.600485,2466.654977,2507.806814,2541.579864,2609.539864,2761.023672,2833.643045,2944.26146,2970.033065,2948.032937,2915.299885,2899.164415,2890.18939,2892.341604,2806.789686,2856.47531
世界,WLD,8967.054303,8945.668067,8964.93387,8991.716216,9118.986925,9280.186098,9500.303994,9738.209939,9844.16234,10055.37626,10394.31766,10504.07636,10662.68761,10927.00063,11359.69904,11746.41956,12213.07048,12702.17255,12899.87075,12692.97928,13197.04726,13567.08533,13851.5545,14155.44037,14479.34045,14795.13829,15115.4806
萨摩亚,WSM,3649.144217,3538.921508,3499.974858,3607.802844,3483.154586,3685.713886,3924.341024,3928.604459,3996.659685,4065.811846,4325.830632,4600.843262,4773.081877,4958.283843,5155.135068,5335.149447,5405.190891,5709.361492,5728.009131,5414.239286,5399.893096,5667.490534,5644.292861,5489.787094,5522.088277,5559.743726,5916.632878
科索沃,XKX,,,,,,,,,,,4626.328749,5870.246004,5825.140206,6169.302639,6326.159608,6703.277617,6949.088484,7395.758295,7530.632067,7720.025857,7911.719168,8221.542817,8393.040652,8591.0787,8704.981996,9161.985206,9458.05945
也门共和国,YEM,3327.102697,3367.630894,3462.462616,3423.342754,3485.50262,3532.144466,3563.557247,3631.247408,3738.356646,3771.922408,3893.822761,3928.649085,3969.069077,4002.937141,4046.569466,4155.375842,4170.09525,4192.211071,4227.580387,4272.811752,4478.74369,3805.237994,3793.412857,3872.789957,3766.806001,3060.449385,2579.552257
南非,ZAF,9699.889972,9381.981621,8966.323876,8865.220682,8944.985186,9031.807829,9242.227927,9317.77515,9213.450753,9290.797182,9539.264585,9658.12667,9878.960173,10037.41859,10364.35827,10783.18439,11261.96289,11741.35761,11989.86404,11676.05019,11887.80504,12118.73823,12215.25238,12339.73468,12389.71491,12377.66085,12286.69651
赞比亚,ZMB,2341.933063,2280.716944,2184.880745,2275.014162,2025.754058,2029.481349,2096.660404,2115.319145,2047.091657,2081.720118,2102.983169,2154.862984,2191.961814,2282.299191,2378.300439,2482.582018,2607.132776,2748.858048,2881.811825,3060.067789,3279.277161,3361.112069,3509.413319,3576.680691,3632.503753,3627.202041,3652.151926
津巴布韦,ZWE,2888.57907,2972.494289,2643.792172,2616.989523,2804.366624,2758.331242,2991.80718,3021.705551,3060.980277,2992.849435,2863.854674,2871.274606,2587.786135,2125.314312,1979.38549,1842.900718,1754.13414,1663.977294,1346.875956,1481.220117,1737.957965,1943.211324,2217.097557,2209.585365,2209.680846,2196.870497,2162.366923
